Name;Station;Time;Mean_temp;Max_temp;Min_temp;Precipitation
흀jord Ii;SN71780;2019-01-01;3.1;7.2;1.3;30.1
흀jord Ii;SN71780;2019-01-02;1.8;3.8;-0.5;11.4
흀jord Ii;SN71780;2019-01-03;5.7;7;1.2;5.2
흀jord Ii;SN71780;2019-01-04;6.8;8;6.1;47.8
흀jord Ii;SN71780;2019-01-05;5.5;6.1;4.6;2.1
흀jord Ii;SN71780;2019-01-06;5.9;7.6;4.4;9.6
흀jord Ii;SN71780;2019-01-07;1.6;4.9;0.3;6
흀jord Ii;SN71780;2019-01-08;0.1;1.2;-1;2.9
흀jord Ii;SN71780;2019-01-09;-0.1;1.2;-1.8;8.5
흀jord Ii;SN71780;2019-01-10;4.6;7.5;0.2;9.4
흀jord Ii;SN71780;2019-01-11;2.8;7.3;1.7;16.6
흀jord Ii;SN71780;2019-01-12;0.4;2.7;-0.4;11.4
흀jord Ii;SN71780;2019-01-13;0;2.6;-1.8;4.6
흀jord Ii;SN71780;2019-01-14;0.5;3.1;-2.2;13.7
흀jord Ii;SN71780;2019-01-15;-4.5;0.4;-7.3;5.7
흀jord Ii;SN71780;2019-01-16;-7.5;-5;-10.6;0
흀jord Ii;SN71780;2019-01-17;-5.6;0;-12.1;0.7
흀jord Ii;SN71780;2019-01-18;-1.2;0.4;-3.5;11.2
흀jord Ii;SN71780;2019-01-19;-2.2;0.5;-4.9;14.5
흀jord Ii;SN71780;2019-01-20;-6.5;-1.7;-8.6;6.8
흀jord Ii;SN71780;2019-01-21;-6.9;-4.5;-10.4;0.3
흀jord Ii;SN71780;2019-01-22;-6.2;-2.1;-9.4;2.6
흀jord Ii;SN71780;2019-01-23;-8.8;-6.1;-12.1;0
흀jord Ii;SN71780;2019-01-24;-4.8;-2.7;-8.8;0
흀jord Ii;SN71780;2019-01-25;-3.3;-1.8;-4.8;0
흀jord Ii;SN71780;2019-01-26;-3.8;-2.1;-5.2;0
흀jord Ii;SN71780;2019-01-27;-5;-3.9;-5.9;0
흀jord Ii;SN71780;2019-01-28;-4;-2.3;-6;0
흀jord Ii;SN71780;2019-01-29;-3.5;-1.1;-5.1;0
흀jord Ii;SN71780;2019-01-30;-4.1;-0.9;-8.1;0.1
흀jord Ii;SN71780;2019-01-31;-1.2;0.1;-3.7;0.4
흀jord Ii;SN71780;2019-02-01;-2.3;-0.6;-3.1;0
흀jord Ii;SN71780;2019-02-02;-5.8;-2.6;-7;0
흀jord Ii;SN71780;2019-02-03;-6.3;-5;-7.8;0
흀jord Ii;SN71780;2019-02-04;-7.4;-4.7;-9.3;1.8
흀jord Ii;SN71780;2019-02-05;-10.5;-6.7;-14.2;0
흀jord Ii;SN71780;2019-02-06;-5.8;-0.6;-11.7;0
흀jord Ii;SN71780;2019-02-07;1.6;3.8;-2.6;10.8
흀jord Ii;SN71780;2019-02-08;0.2;2.5;-0.9;0
흀jord Ii;SN71780;2019-02-09;1.4;3.4;-2.2;0.2
흀jord Ii;SN71780;2019-02-10;0.1;1.8;-0.7;5.1
흀jord Ii;SN71780;2019-02-11;-0.4;0.8;-3.6;6.4
흀jord Ii;SN71780;2019-02-12;0.9;1.3;-1.3;12.5
흀jord Ii;SN71780;2019-02-13;4.5;6.6;0.3;14.4
흀jord Ii;SN71780;2019-02-14;5.4;8.2;1.4;6.7
흀jord Ii;SN71780;2019-02-15;4.4;7.7;1.4;13.9
흀jord Ii;SN71780;2019-02-16;4.4;7.2;-0.1;2.5
흀jord Ii;SN71780;2019-02-17;1.8;3.8;-2.3;0.5
흀jord Ii;SN71780;2019-02-18;3.5;7.5;0.8;0
흀jord Ii;SN71780;2019-02-19;2.5;5.4;0.7;0
흀jord Ii;SN71780;2019-02-20;0.1;3.1;-1.5;8.8
흀jord Ii;SN71780;2019-02-21;-0.1;0.9;-1.8;0
흀jord Ii;SN71780;2019-02-22;3.1;4.8;0;6.6
흀jord Ii;SN71780;2019-02-23;4.8;8.3;2.5;8.1
흀jord Ii;SN71780;2019-02-24;6.1;8.1;0.1;0.7
흀jord Ii;SN71780;2019-02-25;6.4;7.5;4.9;0
흀jord Ii;SN71780;2019-02-26;6.6;8.3;5.2;5.1
흀jord Ii;SN71780;2019-02-27;5.9;7.3;4.5;2
흀jord Ii;SN71780;2019-02-28;1.8;5.1;0.2;9.3
흀jord Ii;SN71780;2019-03-01;1.3;2.8;0;10.9
흀jord Ii;SN71780;2019-03-02;1.1;4.5;-0.3;26.7
흀jord Ii;SN71780;2019-03-03;-0.7;0.4;-1.5;7.3
흀jord Ii;SN71780;2019-03-04;-3.4;0;-4.9;0
흀jord Ii;SN71780;2019-03-06;-7.4;-0.5;-13.4;0
흀jord Ii;SN71780;2019-03-07;-4.1;-0.7;-9.1;0
흀jord Ii;SN71780;2019-03-08;-3.2;0.7;-7.6;1.2
흀jord Ii;SN71780;2019-03-09;-3.5;1.3;-5.6;7.7
흀jord Ii;SN71780;2019-03-10;-7.1;-0.1;-12.6;1.9
흀jord Ii;SN71780;2019-03-11;-4.7;2.6;-11.5;0.4
흀jord Ii;SN71780;2019-03-12;-2.3;0.7;-7.7;0.8
흀jord Ii;SN71780;2019-03-13;-0.2;1;-1.2;0
흀jord Ii;SN71780;2019-03-14;1.2;6.1;-1;2.6
흀jord Ii;SN71780;2019-03-15;-0.3;6.2;-4.9;0
흀jord Ii;SN71780;2019-03-16;-0.2;5.7;-4.2;0
흀jord Ii;SN71780;2019-03-17;0;1.9;-3.7;0
흀jord Ii;SN71780;2019-03-18;0.7;5.2;-1.7;0
흀jord Ii;SN71780;2019-03-19;2.3;6.7;-2.6;1
흀jord Ii;SN71780;2019-03-20;4.5;6.8;2.7;2.6
흀jord Ii;SN71780;2019-03-21;4.9;7.6;1.8;5.2
흀jord Ii;SN71780;2019-03-22;5.6;9.5;1.2;0.4
흀jord Ii;SN71780;2019-03-23;3.6;9;1.3;5.6
흀jord Ii;SN71780;2019-03-24;1.3;3.6;0.1;6.1
흀jord Ii;SN71780;2019-03-25;0.7;4.1;-2.4;6.8
흀jord Ii;SN71780;2019-03-26;1.9;3.4;0.2;8.5
흀jord Ii;SN71780;2019-03-27;5.8;7.1;0.6;7.4
흀jord Ii;SN71780;2019-03-28;8.7;12.1;4.8;7.1
흀jord Ii;SN71780;2019-03-29;4.6;10;1.8;9
흀jord Ii;SN71780;2019-03-30;2.3;4.8;0.8;12.3
흀jord Ii;SN71780;2019-03-31;1;3.6;-1.7;12.3
흀jord Ii;SN71780;2019-04-01;2.7;5.9;0.1;7.5
흀jord Ii;SN71780;2019-04-02;2;6.6;-1.6;4.8
흀jord Ii;SN71780;2019-04-03;3.3;10.7;-1.9;0
흀jord Ii;SN71780;2019-04-04;3.4;8.6;-1.3;0
흀jord Ii;SN71780;2019-04-05;6.4;9.6;0.6;0
흀jord Ii;SN71780;2019-04-06;4;7.7;0.7;0
흀jord Ii;SN71780;2019-04-07;2.3;5.4;1.6;0.2
흀jord Ii;SN71780;2019-04-08;0.2;6.1;-4.9;0.3
흀jord Ii;SN71780;2019-04-09;0.4;4.4;-3.1;0
흀jord Ii;SN71780;2019-04-10;-1.5;3.4;-6.1;0
흀jord Ii;SN71780;2019-04-11;-0.3;6.8;-7.2;0
흀jord Ii;SN71780;2019-04-12;0.1;6.5;-7.1;0
흀jord Ii;SN71780;2019-04-13;1.1;7.8;-5.8;0
흀jord Ii;SN71780;2019-04-14;3.4;12.2;-3.9;0
흀jord Ii;SN71780;2019-04-15;4.4;12.1;-3.2;0
흀jord Ii;SN71780;2019-04-16;8;15.7;-2;0
흀jord Ii;SN71780;2019-04-17;9.2;15.3;3.5;0
흀jord Ii;SN71780;2019-04-18;8.2;16.2;-1.4;0
흀jord Ii;SN71780;2019-04-19;9.5;16.5;4.5;0
흀jord Ii;SN71780;2019-04-20;10.6;20.1;1.4;0
흀jord Ii;SN71780;2019-04-21;7.9;10.5;7.2;3.9
흀jord Ii;SN71780;2019-04-22;11.8;22.3;6.4;3
흀jord Ii;SN71780;2019-04-23;13.2;21.1;2.3;0
흀jord Ii;SN71780;2019-04-24;14.2;19.6;6.1;0
흀jord Ii;SN71780;2019-04-25;16.4;20.3;9.8;0
흀jord Ii;SN71780;2019-04-26;15.9;20.3;12;0
흀jord Ii;SN71780;2019-04-27;16.3;21;8;0
흀jord Ii;SN71780;2019-04-28;15.4;22.3;11.7;0
흀jord Ii;SN71780;2019-04-29;9.3;16.2;4.2;0
흀jord Ii;SN71780;2019-04-30;8.1;12.2;6.1;0.6
흀jord Ii;SN71780;2019-05-01;4.5;6.2;3.7;2.9
흀jord Ii;SN71780;2019-05-02;2.5;6.9;0.1;9.6
흀jord Ii;SN71780;2019-05-03;1.7;5.1;-2.2;5.6
흀jord Ii;SN71780;2019-05-04;2.8;5.5;0.4;7.8
흀jord Ii;SN71780;2019-05-05;2.4;5.5;0.7;19.2
흀jord Ii;SN71780;2019-05-06;1.6;7.5;-3.2;1.4
흀jord Ii;SN71780;2019-05-07;2.4;6.7;-3.1;1.4
흀jord Ii;SN71780;2019-05-08;3.4;7.4;1.6;3.5
흀jord Ii;SN71780;2019-05-09;6;10.2;-1.6;1.7
흀jord Ii;SN71780;2019-05-10;10.2;14.1;6.6;1.9
흀jord Ii;SN71780;2019-05-11;5;8.7;4.6;5.2
흀jord Ii;SN71780;2019-05-12;5;8.2;0.1;6.7
흀jord Ii;SN71780;2019-05-13;5;7.4;1.3;1.3
흀jord Ii;SN71780;2019-05-14;6.5;8.7;3.4;3.6
흀jord Ii;SN71780;2019-05-15;8.8;13.2;7.4;5.1
흀jord Ii;SN71780;2019-05-16;8.3;13.3;3.9;0.8
흀jord Ii;SN71780;2019-05-17;14.2;23.1;3.8;0
흀jord Ii;SN71780;2019-05-18;17.3;21.9;8.8;0
흀jord Ii;SN71780;2019-05-19;15.3;20.3;13.2;0
흀jord Ii;SN71780;2019-05-20;14.2;19.3;8.6;0.1
흀jord Ii;SN71780;2019-05-21;17.6;24.8;8.7;0.1
흀jord Ii;SN71780;2019-05-22;18.4;23.3;10.2;0
흀jord Ii;SN71780;2019-05-23;10.8;21;10.2;0
흀jord Ii;SN71780;2019-05-24;11;17.1;5.4;0.8
흀jord Ii;SN71780;2019-05-25;8.3;11.6;5.4;3
흀jord Ii;SN71780;2019-05-26;6.2;9.8;2.9;0
흀jord Ii;SN71780;2019-05-27;5.6;9.5;1.7;1.8
흀jord Ii;SN71780;2019-05-28;5.8;9.9;2;1.3
흀jord Ii;SN71780;2019-05-29;5.9;8.5;2.8;1.1
흀jord Ii;SN71780;2019-05-30;5.4;8.6;2.4;1.8
흀jord Ii;SN71780;2019-05-31;6.4;8.8;3.2;8.3
흀jord Ii;SN71780;2019-06-01;8.8;14.3;6.1;14.8
흀jord Ii;SN71780;2019-06-02;10.8;15.5;5.2;0.8
흀jord Ii;SN71780;2019-06-03;14.8;21.7;11.5;0
흀jord Ii;SN71780;2019-06-04;13;18.6;8.3;8.5
흀jord Ii;SN71780;2019-06-05;14.7;19.9;7.4;1.3
흀jord Ii;SN71780;2019-06-06;19.1;28.6;8.5;0
흀jord Ii;SN71780;2019-06-07;13.5;28.1;10.5;0
흀jord Ii;SN71780;2019-06-08;16.5;24.1;8.7;14.2
흀jord Ii;SN71780;2019-06-09;15.7;23.5;13.8;0.6
흀jord Ii;SN71780;2019-06-10;11;15.2;8.9;2.5
흀jord Ii;SN71780;2019-06-11;12.4;16.7;6.4;0.2
흀jord Ii;SN71780;2019-06-12;14.1;20.9;5.2;0.1
흀jord Ii;SN71780;2019-06-13;13.9;18.1;10.2;0.2
흀jord Ii;SN71780;2019-06-14;16;20.5;11.2;0
흀jord Ii;SN71780;2019-06-15;14.1;18.8;9.9;0
흀jord Ii;SN71780;2019-06-16;17;25.1;9.3;0
흀jord Ii;SN71780;2019-06-17;13.8;18.5;10.9;6.1
흀jord Ii;SN71780;2019-06-18;13.7;20.3;10.8;7.9
흀jord Ii;SN71780;2019-06-19;14.2;18.8;8.7;8.6
흀jord Ii;SN71780;2019-06-20;15.9;20.5;13.4;0.1
흀jord Ii;SN71780;2019-06-21;12.4;16.1;11.5;5.7
흀jord Ii;SN71780;2019-06-22;10.6;13.5;9;2.1
흀jord Ii;SN71780;2019-06-23;10.1;13.1;8.3;5.7
흀jord Ii;SN71780;2019-06-24;12.6;18.2;8.8;4.9
흀jord Ii;SN71780;2019-06-25;14;19.9;6.6;0
흀jord Ii;SN71780;2019-06-26;9.9;16.5;6.3;0
흀jord Ii;SN71780;2019-06-27;10;12.7;9.3;12.3
흀jord Ii;SN71780;2019-06-28;10.6;11.7;8.4;2.5
흀jord Ii;SN71780;2019-06-29;10.6;11.6;10.4;20
흀jord Ii;SN71780;2019-06-30;12.2;15.3;10.2;25.3
흀jord Ii;SN71780;2019-07-01;9.6;12.2;8.9;10.3
흀jord Ii;SN71780;2019-07-02;7.8;10.1;6.4;5.5
흀jord Ii;SN71780;2019-07-03;6.9;8.5;5.4;22.8
흀jord Ii;SN71780;2019-07-04;8.5;12.8;5.4;34
흀jord Ii;SN71780;2019-07-05;9.4;10.4;8.7;14.4
흀jord Ii;SN71780;2019-07-06;10.2;12.1;8.3;6.3
흀jord Ii;SN71780;2019-07-07;11.3;16.3;8.4;1.4
흀jord Ii;SN71780;2019-07-08;10.3;13.7;5.3;0.4
흀jord Ii;SN71780;2019-07-09;12.3;15.9;10.3;1.9
흀jord Ii;SN71780;2019-07-10;11.2;15.4;8.6;0
흀jord Ii;SN71780;2019-07-11;11.9;16.6;5.9;0
흀jord Ii;SN71780;2019-07-12;12.4;16.8;7.7;0
흀jord Ii;SN71780;2019-07-13;11.9;15;10.6;0
흀jord Ii;SN71780;2019-07-14;10.5;12;9.4;0
흀jord Ii;SN71780;2019-07-15;10.3;12.2;8.8;6.6
흀jord Ii;SN71780;2019-07-16;11.3;13.5;9;0.6
흀jord Ii;SN71780;2019-07-17;14;18.9;9.9;0.1
흀jord Ii;SN71780;2019-07-18;18.1;26.1;8.6;0
흀jord Ii;SN71780;2019-07-19;16.6;23.6;11.4;0
흀jord Ii;SN71780;2019-07-20;19.5;25;13.3;0.3
흀jord Ii;SN71780;2019-07-21;18.4;23.1;15.7;0
흀jord Ii;SN71780;2019-07-22;17;22.8;11.7;5.3
흀jord Ii;SN71780;2019-07-23;16.5;21.4;14.4;0
흀jord Ii;SN71780;2019-07-24;21.8;27.1;16;8.5
흀jord Ii;SN71780;2019-07-25;21;31.1;16.7;0
흀jord Ii;SN71780;2019-07-26;24;32.2;13.9;0
흀jord Ii;SN71780;2019-07-27;25.6;31.5;19.8;0
흀jord Ii;SN71780;2019-07-28;26.2;33.2;16.6;0
흀jord Ii;SN71780;2019-07-29;24.8;30.9;20.8;0
흀jord Ii;SN71780;2019-07-30;17.1;23.4;14.1;0.1
흀jord Ii;SN71780;2019-07-31;17.7;23.2;13.5;0
흀jord Ii;SN71780;2019-08-01;15.9;21.7;10.4;0
흀jord Ii;SN71780;2019-08-02;13.4;18.2;8;0.2
흀jord Ii;SN71780;2019-08-03;12.6;15.8;9.6;0
흀jord Ii;SN71780;2019-08-04;12.5;17;8.7;0.5
흀jord Ii;SN71780;2019-08-05;12.1;15.5;9.8;0
흀jord Ii;SN71780;2019-08-06;13.4;19.7;7.1;0.2
흀jord Ii;SN71780;2019-08-07;14.1;19.8;7.3;0
흀jord Ii;SN71780;2019-08-08;14.6;17.3;13.6;0
흀jord Ii;SN71780;2019-08-09;14.2;18.5;12.3;0.6
흀jord Ii;SN71780;2019-08-10;18.8;23.5;12.8;0
흀jord Ii;SN71780;2019-08-11;18.8;24.8;17.2;0
흀jord Ii;SN71780;2019-08-12;13.4;20;12.2;0.9
흀jord Ii;SN71780;2019-08-13;11.4;12.7;10.3;22.3
흀jord Ii;SN71780;2019-08-15;13.3;19.2;7.1;0.4
흀jord Ii;SN71780;2019-08-16;13.1;16.4;10.8;0
흀jord Ii;SN71780;2019-08-17;15.9;20.5;10.4;0.8
흀jord Ii;SN71780;2019-08-18;14.3;18.8;11.2;9.4
흀jord Ii;SN71780;2019-08-19;14;21.9;8.6;2.7
흀jord Ii;SN71780;2019-08-20;13.3;17.9;9.8;2.5
흀jord Ii;SN71780;2019-08-21;11.7;14.2;11.1;2.8
흀jord Ii;SN71780;2019-08-22;12.8;20.3;5;2.6
흀jord Ii;SN71780;2019-08-23;12.5;18.1;8.5;0.1
흀jord Ii;SN71780;2019-08-24;13.6;18.9;7.2;0
흀jord Ii;SN71780;2019-08-25;13.7;16.4;13.2;3.2
흀jord Ii;SN71780;2019-08-26;17.4;26.4;12;13.6
흀jord Ii;SN71780;2019-08-27;17.2;25.7;11.1;0
흀jord Ii;SN71780;2019-08-28;21;28.7;12.7;0
흀jord Ii;SN71780;2019-08-29;15.2;24;13.1;0
흀jord Ii;SN71780;2019-08-30;14.5;21.3;8.6;11
흀jord Ii;SN71780;2019-08-31;15.7;20;13;2.9
흀jord Ii;SN71780;2019-09-01;15.2;20.2;12.7;0.6
흀jord Ii;SN71780;2019-09-02;10;13.8;8.9;6.8
흀jord Ii;SN71780;2019-09-03;8.6;12.4;3.6;2.7
흀jord Ii;SN71780;2019-09-04;11.2;15.1;8;10.5
흀jord Ii;SN71780;2019-09-05;9.3;11.5;8.9;8
흀jord Ii;SN71780;2019-09-06;9.1;12.8;6.8;27.8
흀jord Ii;SN71780;2019-09-07;9;13.8;7.1;7.3
흀jord Ii;SN71780;2019-09-08;9.2;16.7;3.7;0.1
흀jord Ii;SN71780;2019-09-09;12.4;19.3;4.2;0
흀jord Ii;SN71780;2019-09-10;14.8;20.9;9;0
흀jord Ii;SN71780;2019-09-11;15.4;20.8;12.8;0
흀jord Ii;SN71780;2019-09-12;11;12.8;9.6;9.7
흀jord Ii;SN71780;2019-09-13;9.6;11.2;7.3;18.8
흀jord Ii;SN71780;2019-09-14;9;12;6.7;28.2
흀jord Ii;SN71780;2019-09-15;9.6;11;7.6;17.6
흀jord Ii;SN71780;2019-09-16;9.5;11.3;8.3;28
흀jord Ii;SN71780;2019-09-17;8.2;12.5;6.5;28.2
흀jord Ii;SN71780;2019-09-18;7.2;10.6;4.9;14.6
흀jord Ii;SN71780;2019-09-19;5.7;8;1.9;9.4
흀jord Ii;SN71780;2019-09-20;9.7;11.8;5.4;33.3
흀jord Ii;SN71780;2019-09-21;11.1;11.9;10.8;46.8
흀jord Ii;SN71780;2019-09-22;9;11.3;7.2;7
흀jord Ii;SN71780;2019-09-23;9.7;15.2;6.6;0
흀jord Ii;SN71780;2019-09-24;8.6;15.3;3.8;0
흀jord Ii;SN71780;2019-09-25;9.6;15.4;3.5;0
흀jord Ii;SN71780;2019-09-26;10.1;16.1;2.9;0
흀jord Ii;SN71780;2019-09-27;12.2;15.1;9.9;0
흀jord Ii;SN71780;2019-09-28;12.2;16.8;10.8;0
흀jord Ii;SN71780;2019-09-29;8.3;11.5;6;0.1
흀jord Ii;SN71780;2019-09-30;2.2;6.2;-0.2;15.3
흀jord Ii;SN71780;2019-10-01;1.4;4.2;-1.4;5.5
흀jord Ii;SN71780;2019-10-02;6.4;12.2;1.6;9.1
흀jord Ii;SN71780;2019-10-03;4.6;7.6;3.4;2.1
흀jord Ii;SN71780;2019-10-04;1.9;6;-1;0
흀jord Ii;SN71780;2019-10-05;-0.3;5.5;-4.2;0
흀jord Ii;SN71780;2019-10-06;1.8;9.6;-3.9;0
흀jord Ii;SN71780;2019-10-07;4.2;9.8;1.3;0
흀jord Ii;SN71780;2019-10-08;4.9;10.6;-0.3;0.1
흀jord Ii;SN71780;2019-10-09;6.1;10.7;3.5;0
흀jord Ii;SN71780;2019-10-10;3.5;10.7;-0.5;0
흀jord Ii;SN71780;2019-10-11;3.3;8.1;-1.1;0
흀jord Ii;SN71780;2019-10-12;3.2;7.3;-0.6;0.2
흀jord Ii;SN71780;2019-10-13;2.5;8.1;0.1;6.7
흀jord Ii;SN71780;2019-10-14;0.9;7.1;-2.1;6.8
흀jord Ii;SN71780;2019-10-15;1.6;8;-2.3;0.1
흀jord Ii;SN71780;2019-10-16;5.6;9;0.3;0
흀jord Ii;SN71780;2019-10-17;7.5;10.2;5.7;3
흀jord Ii;SN71780;2019-10-18;6.7;11.7;5.1;0.1
흀jord Ii;SN71780;2019-10-19;4.7;7.9;0.7;0
흀jord Ii;SN71780;2019-10-20;3;6.5;-0.9;0
흀jord Ii;SN71780;2019-10-21;2.7;5;-1.5;0.3
흀jord Ii;SN71780;2019-10-22;7.9;12.4;4.4;3.6
흀jord Ii;SN71780;2019-10-23;6.4;8.4;3.2;2.6
흀jord Ii;SN71780;2019-10-24;8.5;11.2;7;14.4
흀jord Ii;SN71780;2019-10-25;6.1;11;4.8;0.9
흀jord Ii;SN71780;2019-10-26;2.6;6.4;0.5;16.5
흀jord Ii;SN71780;2019-10-27;2.1;4.3;0.2;10.1
흀jord Ii;SN71780;2019-10-28;1.8;3.9;0.2;6.7
흀jord Ii;SN71780;2019-10-29;2.9;5.2;0.7;11.4
흀jord Ii;SN71780;2019-10-30;5;6.8;2.1;17.3
흀jord Ii;SN71780;2019-10-31;3.7;6.1;2.9;6
흀jord Ii;SN71780;2019-11-01;2.7;5.7;0.3;5.9
흀jord Ii;SN71780;2019-11-02;0.5;3.3;-1.1;3
흀jord Ii;SN71780;2019-11-03;-3.7;0;-5.2;1.5
흀jord Ii;SN71780;2019-11-04;-4.9;0.1;-6.4;0
흀jord Ii;SN71780;2019-11-05;-7.4;-3.1;-9.3;0.1
흀jord Ii;SN71780;2019-11-06;-5.7;-2.4;-10.6;0
흀jord Ii;SN71780;2019-11-07;-5.1;-1.5;-7;0
흀jord Ii;SN71780;2019-11-08;-6.7;-3.6;-8.1;0
흀jord Ii;SN71780;2019-11-09;-8.2;-3.2;-10.9;0
흀jord Ii;SN71780;2019-11-10;-6.5;-3.1;-10.7;0
흀jord Ii;SN71780;2019-11-11;-4.5;-2.9;-6.9;0
흀jord Ii;SN71780;2019-11-12;-1.4;4.6;-8.9;0
흀jord Ii;SN71780;2019-11-13;-1.2;4.4;-3;0
흀jord Ii;SN71780;2019-11-14;-3.3;-1.3;-4.2;0
흀jord Ii;SN71780;2019-11-15;-1.5;1.7;-5.4;0
흀jord Ii;SN71780;2019-11-16;-0.1;3.3;-3.9;0.1
흀jord Ii;SN71780;2019-11-19;1.2;3.8;0;9.2
흀jord Ii;SN71780;2019-11-20;-0.4;1.6;-2;13.1
흀jord Ii;SN71780;2019-11-21;2.5;6.4;-3.6;0
흀jord Ii;SN71780;2019-11-22;6.8;7.6;4.6;0
흀jord Ii;SN71780;2019-11-23;4.1;7.3;2.6;0
흀jord Ii;SN71780;2019-11-24;-0.5;3.4;-1.3;0
흀jord Ii;SN71780;2019-11-25;0.2;1.1;-1.3;0
흀jord Ii;SN71780;2019-11-26;-1;0.6;-2.1;0.1
흀jord Ii;SN71780;2019-11-27;-1.4;0.8;-4.6;0
흀jord Ii;SN71780;2019-11-28;-3.5;0.6;-6.4;0
흀jord Ii;SN71780;2019-11-29;1.1;3.7;-6.1;6.4
흀jord Ii;SN71780;2019-11-30;0.6;1.9;-3.6;8.9
흀jord Ii;SN71780;2019-12-01;1.4;3.8;-0.1;9.2
흀jord Ii;SN71780;2019-12-02;1.1;2.5;-1.5;12.7
흀jord Ii;SN71780;2019-12-03;5;7.5;0.4;6.3
흀jord Ii;SN71780;2019-12-04;6.4;8.3;3.6;34.5
흀jord Ii;SN71780;2019-12-05;3.4;6.5;1.5;4.3
흀jord Ii;SN71780;2019-12-06;3.2;4.5;1;15.3
흀jord Ii;SN71780;2019-12-07;1.6;4.2;0.5;14.8
흀jord Ii;SN71780;2019-12-08;-0.2;2.7;-1;16.5
흀jord Ii;SN71780;2019-12-09;-2.4;-0.6;-5;3
흀jord Ii;SN71780;2019-12-10;-1.4;0.5;-4.8;9.6
흀jord Ii;SN71780;2019-12-11;2.9;6.4;-1;9
흀jord Ii;SN71780;2019-12-12;5.7;6.6;5.1;0.1
흀jord Ii;SN71780;2019-12-13;0.7;5.4;-2.3;0.1
흀jord Ii;SN71780;2019-12-14;3.8;4.9;2.5;0
흀jord Ii;SN71780;2019-12-15;3.2;4;0.7;0
흀jord Ii;SN71780;2019-12-16;-0.4;4.2;-1.8;0
흀jord Ii;SN71780;2019-12-17;1;3.3;-0.2;6.9
흀jord Ii;SN71780;2019-12-18;-1.1;0.3;-2.3;2.3
흀jord Ii;SN71780;2019-12-19;0.9;3.4;-0.8;6.4
흀jord Ii;SN71780;2019-12-20;2.5;7.2;-2.3;0.1
흀jord Ii;SN71780;2019-12-21;5.8;8.9;3;0
흀jord Ii;SN71780;2019-12-22;2.1;4.9;1.8;1.7
흀jord Ii;SN71780;2019-12-23;1.3;2.2;-0.5;1.4
흀jord Ii;SN71780;2019-12-24;-1.7;0.3;-3.1;0.1
흀jord Ii;SN71780;2019-12-25;-2.5;-1.4;-4.6;0.1
흀jord Ii;SN71780;2019-12-26;-1.1;-0.1;-2.6;1.3
흀jord Ii;SN71780;2019-12-27;-3.4;-1;-5.7;0
흀jord Ii;SN71780;2019-12-28;0.9;4.2;-5;1.5
흀jord Ii;SN71780;2019-12-29;5.4;9.5;1.3;9.3
흀jord Ii;SN71780;2019-12-30;6.3;9;5.2;16.9
흀jord Ii;SN71780;2019-12-31;4.5;6.4;1.9;9.9
흀jord Ii;SN71780;2020-01-01;7.4;9;5.2;40.7
흀jord Ii;SN71780;2020-01-02;6.7;10.6;2.7;16.2
흀jord Ii;SN71780;2020-01-03;2.4;9.9;-0.8;11.7
흀jord Ii;SN71780;2020-01-04;2.1;4.6;0.4;8.4
흀jord Ii;SN71780;2020-01-05;3;6.4;-0.8;5.2
흀jord Ii;SN71780;2020-01-06;5;7.4;3.9;7.8
흀jord Ii;SN71780;2020-01-07;5;7.6;1;5.2
흀jord Ii;SN71780;2020-01-08;4.5;8.5;1.6;3.4
흀jord Ii;SN71780;2020-01-09;1.9;5.3;-0.3;12.4
흀jord Ii;SN71780;2020-01-10;1.8;3.3;-0.3;4.3
흀jord Ii;SN71780;2020-01-11;4.5;7.9;0.1;11.9
흀jord Ii;SN71780;2020-01-12;2.5;7.3;0.2;11.6
흀jord Ii;SN71780;2020-01-13;2.3;4.6;0.5;16
흀jord Ii;SN71780;2020-01-14;2.9;6.9;-0.3;4.2
흀jord Ii;SN71780;2020-01-15;1.9;4.7;-1.4;0
흀jord Ii;SN71780;2020-01-16;5.7;7.2;-1.1;0.5
흀jord Ii;SN71780;2020-01-17;4;6.8;2.7;3.8
흀jord Ii;SN71780;2020-01-18;1.6;5.8;-0.9;0
흀jord Ii;SN71780;2020-01-19;4.7;6.2;3.7;8.3
흀jord Ii;SN71780;2020-01-20;8;9.3;2.8;10.5
흀jord Ii;SN71780;2020-01-21;4.3;8.7;2.3;25.8
흀jord Ii;SN71780;2020-01-22;3.4;4.5;2.3;5.5
흀jord Ii;SN71780;2020-01-23;5.3;7.9;0.8;9.1
흀jord Ii;SN71780;2020-01-24;2.3;5.5;0.4;12.5
흀jord Ii;SN71780;2020-01-25;2.5;5.3;0.2;9.9
흀jord Ii;SN71780;2020-01-26;5.9;7.9;4.8;15.1
흀jord Ii;SN71780;2020-01-27;2.3;4.8;0;5.9
흀jord Ii;SN71780;2020-01-28;0.6;3.6;-2.3;0
흀jord Ii;SN71780;2020-01-29;0.7;1.9;-1;0
흀jord Ii;SN71780;2020-01-30;0.1;1.6;-1.8;0
흀jord Ii;SN71780;2020-01-31;3.2;5.6;-1.9;0
흀jord Ii;SN71780;2020-02-01;2.7;5.6;0.7;1
흀jord Ii;SN71780;2020-02-02;2.7;5.1;1.5;6.9
흀jord Ii;SN71780;2020-02-03;-2.3;2.2;-4.2;9.7
흀jord Ii;SN71780;2020-02-04;-2.5;3.2;-7.6;0.4
흀jord Ii;SN71780;2020-02-05;2.7;6.3;0.4;8.1
흀jord Ii;SN71780;2020-02-06;-0.1;0.5;-0.8;27.1
흀jord Ii;SN71780;2020-02-07;5;6.7;0.2;13.1
흀jord Ii;SN71780;2020-02-08;2.2;6.5;-1;0
흀jord Ii;SN71780;2020-02-09;5.5;7.7;1.1;0
흀jord Ii;SN71780;2020-02-10;3.9;6;2.1;2.9
흀jord Ii;SN71780;2020-02-11;1.2;4.9;0.2;18.6
흀jord Ii;SN71780;2020-02-12;1.7;4.2;-0.8;5.8
흀jord Ii;SN71780;2020-02-13;1.1;2.5;-0.3;10.8
흀jord Ii;SN71780;2020-02-14;-0.2;2.1;-1.7;3.9
흀jord Ii;SN71780;2020-02-15;4;6.7;0.2;1.4
흀jord Ii;SN71780;2020-02-16;5;8.2;3.2;1.4
흀jord Ii;SN71780;2020-02-17;5.6;8.9;0.4;0.5
흀jord Ii;SN71780;2020-02-18;4.3;5.8;3.6;1.1
흀jord Ii;SN71780;2020-02-19;-0.5;4.4;-2.3;8.6
흀jord Ii;SN71780;2020-02-20;2.5;5.5;-3.7;0
흀jord Ii;SN71780;2020-02-21;4.6;8.3;-0.4;1.6
흀jord Ii;SN71780;2020-02-22;2.9;6.8;1.4;3.3
흀jord Ii;SN71780;2020-02-23;2.3;3.9;0.7;16.7
흀jord Ii;SN71780;2020-02-24;0;2.2;-0.8;9.5
흀jord Ii;SN71780;2020-02-25;-2.2;1.6;-5;7.8
흀jord Ii;SN71780;2020-02-26;-3.7;-1.5;-7.1;0
흀jord Ii;SN71780;2020-02-27;-3;-0.4;-5.8;0
흀jord Ii;SN71780;2020-02-28;-2.1;0.7;-6.7;0
흀jord Ii;SN71780;2020-02-29;-3.5;2;-6.7;12.5
흀jord Ii;SN71780;2020-03-01;-4;-2.4;-7.6;1.3
흀jord Ii;SN71780;2020-03-02;-2.5;-0.7;-4.5;0.8
흀jord Ii;SN71780;2020-03-03;-1.4;0.9;-2.9;0
흀jord Ii;SN71780;2020-03-04;-0.1;1.5;-2;0
흀jord Ii;SN71780;2020-03-05;0.1;2.6;-2.5;1.7
흀jord Ii;SN71780;2020-03-06;2.3;5.5;-0.4;7.7
흀jord Ii;SN71780;2020-03-07;2.3;6.3;-1.5;2.1
흀jord Ii;SN71780;2020-03-08;4.8;9.2;1.4;3.4
흀jord Ii;SN71780;2020-03-09;4.5;8.6;1.1;2.4
흀jord Ii;SN71780;2020-03-10;3.5;6.6;-0.8;0.2
흀jord Ii;SN71780;2020-03-11;3.5;6;2.2;0.2
흀jord Ii;SN71780;2020-03-12;0.6;4.3;-0.2;3.9
흀jord Ii;SN71780;2020-03-13;-2.3;1.4;-4.2;14.2
흀jord Ii;SN71780;2020-03-14;-1.6;2.1;-7.2;5.1
흀jord Ii;SN71780;2020-03-15;3.4;8.9;-1;0.5
흀jord Ii;SN71780;2020-03-16;1.4;4.9;-4.6;1.8
흀jord Ii;SN71780;2020-03-17;4.4;7.3;0.2;0.1
흀jord Ii;SN71780;2020-03-18;2.7;4.3;0.3;7.8
흀jord Ii;SN71780;2020-03-19;1.8;4.6;-1.3;17.3
흀jord Ii;SN71780;2020-03-20;-0.8;2.6;-4.6;1.8
흀jord Ii;SN71780;2020-03-21;-0.1;5.7;-4;2
흀jord Ii;SN71780;2020-03-22;1;5.6;-4.9;0
흀jord Ii;SN71780;2020-03-23;5.7;10.9;1.6;0
흀jord Ii;SN71780;2020-03-24;5.3;8.9;3;0.8
흀jord Ii;SN71780;2020-03-25;4.2;7.7;3.4;27.1
흀jord Ii;SN71780;2020-03-26;3.5;8.5;-1.2;17.6
흀jord Ii;SN71780;2020-03-27;4.8;6.1;4;0.8
흀jord Ii;SN71780;2020-03-28;0.1;4.4;-2.1;9.8
흀jord Ii;SN71780;2020-03-29;0;3.8;-2.2;12.5
흀jord Ii;SN71780;2020-03-30;0.5;3.5;-4;8.1
흀jord Ii;SN71780;2020-03-31;4.5;5.9;0.8;8.1
흀jord Ii;SN71780;2020-04-01;2.8;6.3;0.6;7
흀jord Ii;SN71780;2020-04-02;0.9;3.8;-0.3;2.1
흀jord Ii;SN71780;2020-04-03;0.1;4.1;-1.7;14.8
흀jord Ii;SN71780;2020-04-04;-0.9;1.9;-2.6;7.2
흀jord Ii;SN71780;2020-04-05;0.7;5.5;-6.5;2.6
흀jord Ii;SN71780;2020-04-06;8.9;14.4;2.1;0.3
흀jord Ii;SN71780;2020-04-07;6.7;10.6;4.2;1.1
흀jord Ii;SN71780;2020-04-08;4.8;8.4;1.6;0
흀jord Ii;SN71780;2020-04-09;3.2;6.4;1;6.4
흀jord Ii;SN71780;2020-04-10;1.9;4.1;0.5;12.8
흀jord Ii;SN71780;2020-04-11;3.9;7.4;-0.3;1.2
흀jord Ii;SN71780;2020-04-12;3.9;7.3;0.3;10.1
흀jord Ii;SN71780;2020-04-13;1.2;3.5;-1.3;17.1
흀jord Ii;SN71780;2020-04-14;4;6.3;0.2;17
흀jord Ii;SN71780;2020-04-15;3.9;6.3;0.6;22.1
흀jord Ii;SN71780;2020-04-16;3.2;5.2;0.9;18.3
흀jord Ii;SN71780;2020-04-17;4;6.3;1.5;8.3
흀jord Ii;SN71780;2020-04-18;4.6;7.1;2;1
흀jord Ii;SN71780;2020-04-19;5.8;8.7;2.9;4.8
흀jord Ii;SN71780;2020-04-20;6;11;3.2;0
흀jord Ii;SN71780;2020-04-21;6.9;14.3;-0.6;0
흀jord Ii;SN71780;2020-04-22;5.8;11.8;-0.6;0
흀jord Ii;SN71780;2020-04-23;4.1;8;-0.7;0
흀jord Ii;SN71780;2020-04-24;5.4;8.4;4.1;3.8
흀jord Ii;SN71780;2020-04-25;4.7;6.3;4;3.1
흀jord Ii;SN71780;2020-04-26;2.9;7.3;1.3;4.3
흀jord Ii;SN71780;2020-04-27;3.9;8.8;-2.5;0.3
흀jord Ii;SN71780;2020-04-28;5.6;10.3;2.4;0
흀jord Ii;SN71780;2020-04-29;6.2;10.3;-0.7;0
흀jord Ii;SN71780;2020-04-30;7.8;11.3;5;0.1
흀jord Ii;SN71780;2020-05-01;7.2;11.6;5;0
흀jord Ii;SN71780;2020-05-02;5;7.1;3.2;0.9
흀jord Ii;SN71780;2020-05-03;5.1;7.5;4.3;10.8
흀jord Ii;SN71780;2020-05-04;4.1;8.2;0.8;7.8
흀jord Ii;SN71780;2020-05-05;5.3;7.2;1.4;4.7
흀jord Ii;SN71780;2020-05-06;4.8;6.8;3.2;2.9
흀jord Ii;SN71780;2020-05-07;4.7;7.2;2.5;11.6
흀jord Ii;SN71780;2020-05-08;4.6;8.5;3.3;5.5
흀jord Ii;SN71780;2020-05-09;2.5;5.8;-0.7;2.5
흀jord Ii;SN71780;2020-05-10;1.4;5.2;-0.1;6.4
흀jord Ii;SN71780;2020-05-11;1.9;5.8;-1.5;8.4
흀jord Ii;SN71780;2020-05-12;1.7;6.4;-1.2;8.8
흀jord Ii;SN71780;2020-05-13;1.6;5.1;-1.4;3.5
흀jord Ii;SN71780;2020-05-14;1.4;4.2;-0.7;8.8
흀jord Ii;SN71780;2020-05-15;2.3;5.4;0;8.6
흀jord Ii;SN71780;2020-05-16;2.7;4.4;0.5;10.5
흀jord Ii;SN71780;2020-05-17;3.7;8.4;0.5;9.5
흀jord Ii;SN71780;2020-05-18;3.7;7.3;-1.4;1.4
흀jord Ii;SN71780;2020-05-19;4.8;9.4;1;3.5
흀jord Ii;SN71780;2020-05-20;6.3;12.2;-0.8;0.2
흀jord Ii;SN71780;2020-05-21;10;16.9;0;0
흀jord Ii;SN71780;2020-05-22;13.1;19.1;4.3;0
흀jord Ii;SN71780;2020-05-23;13.5;16.9;9.8;4.1
흀jord Ii;SN71780;2020-05-24;12.7;17.2;8.9;0.1
흀jord Ii;SN71780;2020-05-25;9.7;14.3;7.9;0.5
흀jord Ii;SN71780;2020-05-26;10.2;17;4.5;0
흀jord Ii;SN71780;2020-05-27;8.6;11.3;6.9;2
흀jord Ii;SN71780;2020-05-28;8.4;9.4;6.8;4.2
흀jord Ii;SN71780;2020-05-29;9.2;11.6;6.5;2.3
흀jord Ii;SN71780;2020-05-30;16;22.2;6.6;0
흀jord Ii;SN71780;2020-05-31;17.4;26.1;9;0.2
흀jord Ii;SN71780;2020-06-01;15;21.1;8.4;0
흀jord Ii;SN71780;2020-06-02;12;16.4;7.6;0
흀jord Ii;SN71780;2020-06-03;10.6;12.1;9.4;0
흀jord Ii;SN71780;2020-06-04;16.6;21.3;9.8;1.8
흀jord Ii;SN71780;2020-06-05;17.9;22.7;11.3;0.1
흀jord Ii;SN71780;2020-06-06;15.7;20.2;12.2;0
흀jord Ii;SN71780;2020-06-07;8.7;18.2;7.1;0.8
흀jord Ii;SN71780;2020-06-08;7.1;10.7;5.9;6.4
흀jord Ii;SN71780;2020-06-09;9.8;17;0.4;0.7
흀jord Ii;SN71780;2020-06-10;14.6;21.6;5.3;0
흀jord Ii;SN71780;2020-06-11;13.6;19.6;5.2;0
흀jord Ii;SN71780;2020-06-12;17.8;27.2;4.9;0
흀jord Ii;SN71780;2020-06-13;20.5;24.9;15;0
흀jord Ii;SN71780;2020-06-14;17.5;23.8;9.1;0
흀jord Ii;SN71780;2020-06-15;15.3;20.3;12.9;0
흀jord Ii;SN71780;2020-06-16;19.4;27.3;10.9;0
흀jord Ii;SN71780;2020-06-17;19;25.7;12;0
흀jord Ii;SN71780;2020-06-18;15.9;21.2;11.5;0
흀jord Ii;SN71780;2020-06-19;17.9;24.7;7.9;0
흀jord Ii;SN71780;2020-06-20;24.9;31.3;12.2;0
흀jord Ii;SN71780;2020-06-21;24.3;29.3;20.5;0
흀jord Ii;SN71780;2020-06-22;15.8;28.2;13.2;0
흀jord Ii;SN71780;2020-06-23;17.5;24.4;10.8;0
흀jord Ii;SN71780;2020-06-24;19.7;25.3;12.7;0
흀jord Ii;SN71780;2020-06-25;18.1;23.4;12.8;0
흀jord Ii;SN71780;2020-06-26;20.8;28.1;11.6;0
흀jord Ii;SN71780;2020-06-27;24.9;33.2;14;0
흀jord Ii;SN71780;2020-06-28;23.8;30.7;20.7;0
흀jord Ii;SN71780;2020-06-29;14.7;25.8;13.1;1.1
흀jord Ii;SN71780;2020-06-30;10.9;13.5;9.5;8
흀jord Ii;SN71780;2020-07-01;8.4;11.9;5.2;2.4
흀jord Ii;SN71780;2020-07-02;9.7;15.5;3.4;5.6
흀jord Ii;SN71780;2020-07-03;8.9;15.2;3.9;0.5
흀jord Ii;SN71780;2020-07-04;11.4;15.8;7.1;19.9
흀jord Ii;SN71780;2020-07-05;15;21.2;5.2;0
흀jord Ii;SN71780;2020-07-06;12.3;17;10.3;0.3
흀jord Ii;SN71780;2020-07-07;11.1;14;9.4;0.5
흀jord Ii;SN71780;2020-07-08;10;13.6;6.2;1.7
흀jord Ii;SN71780;2020-07-09;10.6;13;9.1;4.5
흀jord Ii;SN71780;2020-07-10;12;15.9;6.1;1.6
흀jord Ii;SN71780;2020-07-11;10.8;13.4;7.8;0.3
흀jord Ii;SN71780;2020-07-12;9.6;12.1;8;10.6
흀jord Ii;SN71780;2020-07-13;11.6;17.4;8.8;16.4
흀jord Ii;SN71780;2020-07-14;14;19.2;6.3;0.3
흀jord Ii;SN71780;2020-07-15;16.8;22;10.4;0
흀jord Ii;SN71780;2020-07-16;15.5;19.8;11.7;0
흀jord Ii;SN71780;2020-07-17;13.7;17.6;12.3;0.6
흀jord Ii;SN71780;2020-07-18;15.1;22.5;10.5;11
흀jord Ii;SN71780;2020-07-19;14.5;20;11.3;1.4
흀jord Ii;SN71780;2020-07-20;12.6;15.8;10.7;5.2
흀jord Ii;SN71780;2020-07-21;11;13.9;9.8;1.5
흀jord Ii;SN71780;2020-07-22;10.5;13.7;8.5;18.1
흀jord Ii;SN71780;2020-07-23;10.8;13.5;7.1;18.2
흀jord Ii;SN71780;2020-07-24;10.5;12.1;9.1;8
흀jord Ii;SN71780;2020-07-25;10.9;13.3;10;19.7
흀jord Ii;SN71780;2020-07-26;16.4;23.5;5.4;3.1
흀jord Ii;SN71780;2020-07-27;16.3;20.2;13.1;4.6
흀jord Ii;SN71780;2020-07-28;19.1;23;13.5;6.4
흀jord Ii;SN71780;2020-07-29;17.3;23.3;14.7;0.6
흀jord Ii;SN71780;2020-07-30;14.1;15.6;13.3;0.8
흀jord Ii;SN71780;2020-07-31;14.8;19.8;13.4;3.2
흀jord Ii;SN71780;2020-08-01;18;25.9;10.8;0.1
흀jord Ii;SN71780;2020-08-02;15.6;21.3;11.9;0.1
흀jord Ii;SN71780;2020-08-03;12.4;15.1;11.5;9.3
흀jord Ii;SN71780;2020-08-04;12.2;15.1;10.8;37.8
흀jord Ii;SN71780;2020-08-05;15.2;20.2;8.2;2.8
흀jord Ii;SN71780;2020-08-06;15.6;18.5;13.8;4.2
흀jord Ii;SN71780;2020-08-07;19.2;26.7;12.9;0.1
흀jord Ii;SN71780;2020-08-08;16;23.3;13.5;0
흀jord Ii;SN71780;2020-08-09;12.8;17.2;8.7;4.1
흀jord Ii;SN71780;2020-08-10;15.1;23.1;7.2;0.1
흀jord Ii;SN71780;2020-08-11;14.5;20.2;9.7;0
흀jord Ii;SN71780;2020-08-12;14.6;20.3;9.7;0
흀jord Ii;SN71780;2020-08-13;14.6;18;10.5;0
흀jord Ii;SN71780;2020-08-14;13.9;15.7;12.8;3.4
흀jord Ii;SN71780;2020-08-15;13.8;14.7;11.2;3.4
흀jord Ii;SN71780;2020-08-16;13;17.2;11.7;37.1
흀jord Ii;SN71780;2020-08-17;13.3;20.7;5.1;0.2
흀jord Ii;SN71780;2020-08-18;15.1;21.5;7.8;0
흀jord Ii;SN71780;2020-08-19;15.3;19.4;11.8;0
흀jord Ii;SN71780;2020-08-20;16;22;12.9;2.8
흀jord Ii;SN71780;2020-08-21;20.1;26.1;13;0.1
흀jord Ii;SN71780;2020-08-22;18.2;22.2;15.9;0
흀jord Ii;SN71780;2020-08-23;11.6;15.9;10.7;2.8
흀jord Ii;SN71780;2020-08-24;8.8;11.3;7.3;10.1
흀jord Ii;SN71780;2020-08-25;10.6;13.3;8.1;18.4
흀jord Ii;SN71780;2020-08-26;10.6;15.8;9.1;33.6
흀jord Ii;SN71780;2020-08-27;9.3;15;5.6;0.5
흀jord Ii;SN71780;2020-08-28;10.3;17.2;4.3;0.1
흀jord Ii;SN71780;2020-08-29;9.9;15.8;5.7;0
흀jord Ii;SN71780;2020-08-30;8.1;14.3;5.8;2.4
흀jord Ii;SN71780;2020-08-31;7.6;14.6;1.9;4.4
흀jord Ii;SN71780;2020-09-01;10.8;18.4;3.8;0
흀jord Ii;SN71780;2020-09-02;13.7;21.2;5.3;0
흀jord Ii;SN71780;2020-09-03;16.7;21.1;10;0
흀jord Ii;SN71780;2020-09-04;13.2;17.8;11.2;3.8
흀jord Ii;SN71780;2020-09-05;10.1;15.2;6.4;15.8
흀jord Ii;SN71780;2020-09-06;10.3;15.7;5.6;1.2
흀jord Ii;SN71780;2020-09-07;10.9;15;7.5;1.1
흀jord Ii;SN71780;2020-09-08;11.8;14.4;9.7;12.9
흀jord Ii;SN71780;2020-09-09;10.1;12.1;8.4;12.2
흀jord Ii;SN71780;2020-09-10;8.3;9.5;7.6;21
흀jord Ii;SN71780;2020-09-11;10.4;14.1;6.3;10.5
흀jord Ii;SN71780;2020-09-12;9.4;12.6;7.7;4.7
흀jord Ii;SN71780;2020-09-13;10;12.5;6.3;19
흀jord Ii;SN71780;2020-09-14;9.2;12.4;7.7;9.1
흀jord Ii;SN71780;2020-09-15;8.9;13;4;0
흀jord Ii;SN71780;2020-09-16;8.2;11.4;6.5;8.8
흀jord Ii;SN71780;2020-09-17;8.4;11.7;5.8;2.9
흀jord Ii;SN71780;2020-09-18;11.1;13;7.4;18.8
흀jord Ii;SN71780;2020-09-19;9.5;11.5;8.5;12.3
흀jord Ii;SN71780;2020-09-20;11.3;12.5;7.8;4.5
흀jord Ii;SN71780;2020-09-21;10.9;14.7;8.6;7
흀jord Ii;SN71780;2020-09-22;8.7;11.4;7;20.3
흀jord Ii;SN71780;2020-09-23;9.3;13.8;6.1;3.3
흀jord Ii;SN71780;2020-09-24;9;16;3.2;4.4
흀jord Ii;SN71780;2020-09-25;7.9;15.5;6.1;4.6
흀jord Ii;SN71780;2020-09-26;5.5;10.7;1.5;2.7
흀jord Ii;SN71780;2020-09-27;11.5;15.6;4.6;0
흀jord Ii;SN71780;2020-09-28;16;20.5;10.8;0
흀jord Ii;SN71780;2020-09-29;12.8;18.3;10;0
흀jord Ii;SN71780;2020-09-30;13.3;18.2;9.8;0
흀jord Ii;SN71780;2020-10-01;15.1;18.5;9.3;0
흀jord Ii;SN71780;2020-10-02;13.6;16.1;12;0
흀jord Ii;SN71780;2020-10-03;13.4;15.5;11.6;0
흀jord Ii;SN71780;2020-10-04;14.2;15.9;12.6;0
흀jord Ii;SN71780;2020-10-05;13.1;14.9;12.3;0.4
흀jord Ii;SN71780;2020-10-06;11.8;16;7.2;0
흀jord Ii;SN71780;2020-10-07;10.6;12.6;8.6;0.2
흀jord Ii;SN71780;2020-10-08;9.4;13.7;6.6;3
흀jord Ii;SN71780;2020-10-09;8.7;10.6;7.7;4.6
흀jord Ii;SN71780;2020-10-10;8.1;9.8;7.1;1.3
흀jord Ii;SN71780;2020-10-11;8;10;5.9;1.2
흀jord Ii;SN71780;2020-10-12;6.9;8.8;6.1;14.5
흀jord Ii;SN71780;2020-10-13;6.2;8.9;3.8;14.4
흀jord Ii;SN71780;2020-10-14;5.9;7.6;2.7;0.8
흀jord Ii;SN71780;2020-10-15;7.5;8.3;6.3;2.8
흀jord Ii;SN71780;2020-10-16;7.4;8.4;6.2;5.3
흀jord Ii;SN71780;2020-10-17;6.2;7.8;4.7;15.6
흀jord Ii;SN71780;2020-10-18;3.6;6.8;2.4;11.7
흀jord Ii;SN71780;2020-10-19;1.4;5.8;-0.6;19.6
흀jord Ii;SN71780;2020-10-20;1.2;3.4;-1.7;1.5
흀jord Ii;SN71780;2020-10-21;1.6;4.4;1;0
흀jord Ii;SN71780;2020-10-22;-0.5;4.3;-2.9;0.1
흀jord Ii;SN71780;2020-10-23;0.3;3.9;-1.8;0.7
흀jord Ii;SN71780;2020-10-24;1.4;4.3;-1.7;0.9
흀jord Ii;SN71780;2020-10-25;7.4;12.6;0.8;0
흀jord Ii;SN71780;2020-10-26;4.1;9.3;2.1;5.1
흀jord Ii;SN71780;2020-10-27;1.9;7.9;-0.3;0
흀jord Ii;SN71780;2020-10-28;3.7;8.9;-0.5;0
흀jord Ii;SN71780;2020-10-29;2.6;8;0.8;0.2
흀jord Ii;SN71780;2020-10-30;4.4;8.4;-1;0
흀jord Ii;SN71780;2020-10-31;6.3;9;2.5;2
흀jord Ii;SN71780;2020-11-01;12;14.2;8.2;0
흀jord Ii;SN71780;2020-11-02;10.3;12.6;8.6;0.5
흀jord Ii;SN71780;2020-11-03;7;9.3;6.1;3.4
흀jord Ii;SN71780;2020-11-04;6.2;7.8;2.8;2.1
흀jord Ii;SN71780;2020-11-05;9.3;9.8;6.3;25.4
흀jord Ii;SN71780;2020-11-06;9.6;10.1;8.8;58.4
흀jord Ii;SN71780;2020-11-07;7.2;10.5;4.6;5.5
흀jord Ii;SN71780;2020-11-08;3.5;5.9;1.8;6.5
흀jord Ii;SN71780;2020-11-09;5;6;2.7;2.9
흀jord Ii;SN71780;2020-11-10;6.6;7.8;4.7;0
흀jord Ii;SN71780;2020-11-11;5.6;8.3;3;0.2
흀jord Ii;SN71780;2020-11-12;7.1;9.6;4.2;0
흀jord Ii;SN71780;2020-11-13;7.4;8.8;4;0
흀jord Ii;SN71780;2020-11-14;6.3;9.8;2.2;0
흀jord Ii;SN71780;2020-11-15;9.7;11.5;2.4;0
흀jord Ii;SN71780;2020-11-16;11.6;14.2;6.3;0
흀jord Ii;SN71780;2020-11-17;7.3;10.7;4.6;1
흀jord Ii;SN71780;2020-11-18;4.1;7.9;2;1.8
흀jord Ii;SN71780;2020-11-19;0.1;3.3;-2.7;8.1
흀jord Ii;SN71780;2020-11-20;1.3;4.1;-0.5;13.1
흀jord Ii;SN71780;2020-11-21;3.7;5.8;-0.3;7
흀jord Ii;SN71780;2020-11-22;6.5;7.7;3.6;28
흀jord Ii;SN71780;2020-11-23;3.2;7.2;0.4;16.8
흀jord Ii;SN71780;2020-11-24;3.3;4.9;0.1;10.8
흀jord Ii;SN71780;2020-11-25;5.3;7.8;2.8;0.6
흀jord Ii;SN71780;2020-11-26;2.5;5.4;0.1;12
흀jord Ii;SN71780;2020-11-27;1.5;4.7;0.2;4.9
흀jord Ii;SN71780;2020-11-28;-1.6;0.8;-2.5;0
흀jord Ii;SN71780;2020-11-29;0.4;1.3;-2;0.1
흀jord Ii;SN71780;2020-11-30;3;5.1;0.5;0
흀jord Ii;SN71780;2020-12-01;1.2;5;-0.5;6.8
흀jord Ii;SN71780;2020-12-02;2.4;4.3;-0.5;1.9
흀jord Ii;SN71780;2020-12-03;4.7;5.6;2.6;0.6
흀jord Ii;SN71780;2020-12-04;3.6;4.7;1.8;0
흀jord Ii;SN71780;2020-12-05;0.4;4.2;-0.7;0
흀jord Ii;SN71780;2020-12-06;1;3.4;-1.9;0.2
흀jord Ii;SN71780;2020-12-07;3.4;6.7;-1.7;0
흀jord Ii;SN71780;2020-12-08;6.3;7.3;5.8;0
흀jord Ii;SN71780;2020-12-09;4.3;6.3;3.2;0
흀jord Ii;SN71780;2020-12-10;3.4;5.1;-0.4;0
흀jord Ii;SN71780;2020-12-11;2.9;4.9;2.2;0
흀jord Ii;SN71780;2020-12-12;1.2;3.2;-0.4;0
흀jord Ii;SN71780;2020-12-13;-2.4;2.5;-3.6;0
흀jord Ii;SN71780;2020-12-14;4.5;5.9;-3.9;0.2
흀jord Ii;SN71780;2020-12-15;2.6;5;1.5;0
흀jord Ii;SN71780;2020-12-16;3;5.8;1.9;13
흀jord Ii;SN71780;2020-12-17;4.4;6.7;0.6;1.2
흀jord Ii;SN71780;2020-12-18;3.1;6.7;0.6;0.1
흀jord Ii;SN71780;2020-12-19;6.7;9;2.9;0
흀jord Ii;SN71780;2020-12-20;8.2;10.2;4.1;0.7
흀jord Ii;SN71780;2020-12-21;2.9;9.1;0.4;0
흀jord Ii;SN71780;2020-12-22;4.2;7;0.9;0.1
흀jord Ii;SN71780;2020-12-23;3.7;5.4;0.3;5.6
흀jord Ii;SN71780;2020-12-24;1.6;4.7;0.6;11.4
흀jord Ii;SN71780;2020-12-25;-1;1.5;-2.2;11.5
흀jord Ii;SN71780;2020-12-26;0.2;1.2;-0.7;0.4
흀jord Ii;SN71780;2020-12-27;5.5;7;-0.9;0
흀jord Ii;SN71780;2020-12-28;5.5;6.8;4.9;0
흀jord Ii;SN71780;2020-12-29;3.7;6;2.4;0
흀jord Ii;SN71780;2020-12-30;1.3;4;-0.6;0
흀jord Ii;SN71780;2020-12-31;-2.2;1.8;-4.4;0
흀jord Ii;SN71780;2021-01-01;-3.8;-1.3;-6.7;0.1
흀jord Ii;SN71780;2021-01-02;-2.3;2.4;-5.3;0
흀jord Ii;SN71780;2021-01-03;-8.1;-5.2;-8.8;0
흀jord Ii;SN71780;2021-01-04;-8;-6.8;-9.1;0
흀jord Ii;SN71780;2021-01-05;-6.6;-4.3;-8.3;0
흀jord Ii;SN71780;2021-01-06;-7.8;-5.8;-8.7;0
흀jord Ii;SN71780;2021-01-07;-7.6;-5.6;-9.8;0
흀jord Ii;SN71780;2021-01-08;-9.6;-6.4;-10.7;0
흀jord Ii;SN71780;2021-01-09;-4.1;-0.6;-9.8;0
흀jord Ii;SN71780;2021-01-10;-0.7;1.3;-1.9;2.7
흀jord Ii;SN71780;2021-01-11;-4.6;-1.3;-7.3;7.7
흀jord Ii;SN71780;2021-01-12;-4.1;-2.3;-7.4;0.9
흀jord Ii;SN71780;2021-01-13;-8.9;-3.4;-11.7;0.9
흀jord Ii;SN71780;2021-01-14;-13.8;-11.5;-14.4;0
흀jord Ii;SN71780;2021-01-15;-9.4;-5.4;-16.7;0.1
흀jord Ii;SN71780;2021-01-16;-5;-1.8;-8.4;0.1
흀jord Ii;SN71780;2021-01-17;-9.7;-4;-11.2;0
흀jord Ii;SN71780;2021-01-18;-4;0.6;-10.9;0.1
흀jord Ii;SN71780;2021-01-19;-4.2;1.1;-9;0
흀jord Ii;SN71780;2021-01-20;-1.5;-0.4;-2.7;0
흀jord Ii;SN71780;2021-01-21;-0.9;0.6;-2.4;1
흀jord Ii;SN71780;2021-01-22;3.8;6.4;-0.9;0.3
흀jord Ii;SN71780;2021-01-23;-2;4.5;-3.2;0
흀jord Ii;SN71780;2021-01-24;-1.1;0.6;-2.2;4.6
흀jord Ii;SN71780;2021-01-25;-7;0.1;-9.7;4.7
흀jord Ii;SN71780;2021-01-26;-2.3;0.5;-6.8;0.6
흀jord Ii;SN71780;2021-01-27;-3.7;0.5;-7.5;7.9
흀jord Ii;SN71780;2021-01-28;-5.6;-1.9;-9;9.7
흀jord Ii;SN71780;2021-01-29;-2.6;-1.5;-4.4;2.6
흀jord Ii;SN71780;2021-01-30;-2.7;1;-4.5;6.2
흀jord Ii;SN71780;2021-01-31;-4;-0.1;-7.7;6
흀jord Ii;SN71780;2021-02-01;-5.9;-1.6;-7.5;4.3
흀jord Ii;SN71780;2021-02-02;-12.2;-5.2;-13.9;0.5
흀jord Ii;SN71780;2021-02-03;-11.3;-8.3;-16.8;0.1
흀jord Ii;SN71780;2021-02-04;-15.4;-9.5;-17.6;0
흀jord Ii;SN71780;2021-02-05;-14.5;-8.6;-20.9;0.1
흀jord Ii;SN71780;2021-02-06;-11.2;-7.7;-17.2;0.2
흀jord Ii;SN71780;2021-02-07;-11;-7.3;-13.9;0.4
흀jord Ii;SN71780;2021-02-08;-10.4;-5.2;-14.4;2.9
흀jord Ii;SN71780;2021-02-09;-12.8;-5.2;-19.6;0
흀jord Ii;SN71780;2021-02-10;-14.5;-4.9;-18.2;12.8
흀jord Ii;SN71780;2021-02-11;-17.7;-10.6;-22.5;0.1
흀jord Ii;SN71780;2021-02-12;-6.8;0.2;-19.4;0.2
흀jord Ii;SN71780;2021-02-13;0.9;2.5;-1.3;6.5
흀jord Ii;SN71780;2021-02-14;0.1;2.9;-2.3;38.5
흀jord Ii;SN71780;2021-02-15;-2.8;-0.6;-5.1;0.2
흀jord Ii;SN71780;2021-02-16;-4.8;-2.6;-9.1;0
흀jord Ii;SN71780;2021-02-17;-0.2;0.3;-3.2;0
흀jord Ii;SN71780;2021-02-18;1.1;3.1;-3.1;0
흀jord Ii;SN71780;2021-02-19;3.2;6.3;1;1.4
흀jord Ii;SN71780;2021-02-20;2.7;4.3;0.4;1.1
흀jord Ii;SN71780;2021-02-21;4.7;9.2;1.3;2.2
흀jord Ii;SN71780;2021-02-22;2.3;5.4;-0.2;0.3
흀jord Ii;SN71780;2021-02-23;4.6;6.6;1.5;7.5
흀jord Ii;SN71780;2021-02-24;5;8.7;2.4;0
흀jord Ii;SN71780;2021-02-25;4.9;8.6;2.1;4
흀jord Ii;SN71780;2021-02-26;4.8;6.5;1.7;6.4
흀jord Ii;SN71780;2021-02-27;6;7.2;3.4;6.2
흀jord Ii;SN71780;2021-02-28;6;6.5;5.6;13.3
흀jord Ii;SN71780;2021-03-01;4.8;6.8;3;11.7
흀jord Ii;SN71780;2021-03-02;3.6;6.3;-0.9;26.7
흀jord Ii;SN71780;2021-03-03;2.6;6.1;-0.2;3.7
흀jord Ii;SN71780;2021-03-04;-0.6;2.7;-3.1;8.9
흀jord Ii;SN71780;2021-03-05;0.5;4;-4.3;11.9
흀jord Ii;SN71780;2021-03-06;1.3;5.3;-3.1;23.6
흀jord Ii;SN71780;2021-03-07;-2.2;2.3;-7;12.6
흀jord Ii;SN71780;2021-03-08;-1.1;1.9;-6.1;1
흀jord Ii;SN71780;2021-03-09;0.2;3.1;-1.4;9.8
흀jord Ii;SN71780;2021-03-10;-0.6;1.2;-2.9;0.1
흀jord Ii;SN71780;2021-03-11;2.1;4.3;-0.4;0
흀jord Ii;SN71780;2021-03-12;2.9;6.4;0.8;0.9
흀jord Ii;SN71780;2021-03-13;1.8;6.3;-0.7;0
흀jord Ii;SN71780;2021-03-14;-0.1;5.5;-5.3;0
흀jord Ii;SN71780;2021-03-15;1.7;5.9;-2;1.9
흀jord Ii;SN71780;2021-03-16;1.5;3.5;-1.3;4.9
흀jord Ii;SN71780;2021-03-17;0.5;4.4;-3.3;4.8
흀jord Ii;SN71780;2021-03-18;2.9;7.3;0.4;6.7
흀jord Ii;SN71780;2021-03-19;3.1;5.5;-1.3;2.4
흀jord Ii;SN71780;2021-03-20;4.8;6.2;3.1;5.6
흀jord Ii;SN71780;2021-03-21;1.8;4;-0.4;16.8
흀jord Ii;SN71780;2021-03-22;5.8;6.6;2.6;21.3
흀jord Ii;SN71780;2021-03-23;6.6;8.6;6;10.2
흀jord Ii;SN71780;2021-03-24;5;7.9;2.8;0.1
흀jord Ii;SN71780;2021-03-25;4.1;6.8;2.2;8.8
흀jord Ii;SN71780;2021-03-26;6.8;10.1;1.5;2.1
흀jord Ii;SN71780;2021-03-27;4.6;9.3;3.5;0.8
흀jord Ii;SN71780;2021-03-28;4.9;10.3;-0.6;2.5
흀jord Ii;SN71780;2021-03-29;6;10.1;2.7;0.4
흀jord Ii;SN71780;2021-03-30;4.6;7.3;3.5;7.9
흀jord Ii;SN71780;2021-03-31;3.2;5.5;0.2;6.4
흀jord Ii;SN71780;2021-04-01;3.9;5.2;1.9;8
흀jord Ii;SN71780;2021-04-02;2.5;5.2;0.8;7.4
흀jord Ii;SN71780;2021-04-03;4.7;5.8;0.6;6.4
흀jord Ii;SN71780;2021-04-04;3.9;6.1;-0.4;16.6
흀jord Ii;SN71780;2021-04-05;1.7;4.4;-1.9;13.6
흀jord Ii;SN71780;2021-04-06;3;6.6;0.7;11.4
흀jord Ii;SN71780;2021-04-07;1;5;-0.2;13
흀jord Ii;SN71780;2021-04-08;0.1;3.9;-4.1;7.6
흀jord Ii;SN71780;2021-04-09;0.8;4.9;-0.6;6.7
흀jord Ii;SN71780;2021-04-10;1.3;4.9;-2;9.4
흀jord Ii;SN71780;2021-04-11;2.1;7.6;-1.2;13.4
흀jord Ii;SN71780;2021-04-12;1.1;5.9;-3.8;1.2
흀jord Ii;SN71780;2021-04-13;1.8;5;-1.7;0.2
흀jord Ii;SN71780;2021-04-14;3.4;7.3;0;4.1
흀jord Ii;SN71780;2021-04-15;3.8;7.1;0.1;1.5
흀jord Ii;SN71780;2021-04-16;5.3;11.3;0.2;1.2
흀jord Ii;SN71780;2021-04-17;4.9;12.5;-1.8;0
흀jord Ii;SN71780;2021-04-18;8.2;17;-0.4;0
흀jord Ii;SN71780;2021-04-19;8.6;16.9;-0.2;0
흀jord Ii;SN71780;2021-04-20;7.8;17.7;1.4;0
흀jord Ii;SN71780;2021-04-21;3.7;8.2;2.3;5.6
흀jord Ii;SN71780;2021-04-22;2;5.8;-2.3;0.7
흀jord Ii;SN71780;2021-04-23;1.1;5;-1.7;8.1
흀jord Ii;SN71780;2021-04-24;1.5;6.7;-1.5;8.9
흀jord Ii;SN71780;2021-04-25;1.9;5.9;-1.6;5.4
흀jord Ii;SN71780;2021-04-26;2.1;6.7;-1.3;1.5
흀jord Ii;SN71780;2021-04-27;2;7.5;-3;0.6
흀jord Ii;SN71780;2021-04-28;1.4;6.5;-2.2;0
흀jord Ii;SN71780;2021-04-29;1.9;7.7;-3.5;5.7
흀jord Ii;SN71780;2021-04-30;2.2;6.9;-1.7;0.6
흀jord Ii;SN71780;2021-05-01;2.5;7.2;-0.1;5
흀jord Ii;SN71780;2021-05-02;1.1;6.7;-3.4;0.5
흀jord Ii;SN71780;2021-05-03;3.4;8.6;-2.8;3.2
흀jord Ii;SN71780;2021-05-04;4.9;9.1;-1.2;0
흀jord Ii;SN71780;2021-05-05;6;10;4.5;0
흀jord Ii;SN71780;2021-05-06;3.8;9;-1.6;0
흀jord Ii;SN71780;2021-05-07;2.7;8.4;-3.4;0
흀jord Ii;SN71780;2021-05-08;2.7;8;-1.6;0.6
흀jord Ii;SN71780;2021-05-09;6.1;12.4;-1.8;7.5
흀jord Ii;SN71780;2021-05-10;10.7;16.8;2.7;0
흀jord Ii;SN71780;2021-05-11;13.6;19.9;7.7;1.2
흀jord Ii;SN71780;2021-05-12;7.8;16.3;2.6;0.1
흀jord Ii;SN71780;2021-05-13;8.6;11.7;6.5;1
흀jord Ii;SN71780;2021-05-14;11;15.5;7.1;0
흀jord Ii;SN71780;2021-05-15;13;17.1;8.4;0
흀jord Ii;SN71780;2021-05-16;11.3;15.5;7.7;0
흀jord Ii;SN71780;2021-05-17;10.7;15.2;8.1;3.5
흀jord Ii;SN71780;2021-05-18;8.4;10.3;7.7;9.2
흀jord Ii;SN71780;2021-05-19;9.3;12.2;7.2;5.3
흀jord Ii;SN71780;2021-05-20;7.7;11.3;5.5;0.3
흀jord Ii;SN71780;2021-05-21;8.9;15.4;4.6;5
흀jord Ii;SN71780;2021-05-22;12.3;18.7;3.9;0
흀jord Ii;SN71780;2021-05-23;11.3;16.9;7.3;0
흀jord Ii;SN71780;2021-05-24;13.3;19.6;5.7;4.2
흀jord Ii;SN71780;2021-05-25;14.8;20.6;7.8;0
흀jord Ii;SN71780;2021-05-26;14.3;20.4;6.6;0
흀jord Ii;SN71780;2021-05-27;12.5;18;8.2;0
흀jord Ii;SN71780;2021-05-28;7.8;14;2.2;0
흀jord Ii;SN71780;2021-05-29;10.5;16.8;2.4;0
흀jord Ii;SN71780;2021-05-30;10.2;15.9;5.2;0
흀jord Ii;SN71780;2021-05-31;11.1;15.7;6.1;0
흀jord Ii;SN71780;2021-06-01;16.8;26;5.4;0
흀jord Ii;SN71780;2021-06-02;17.2;26.9;9;0
흀jord Ii;SN71780;2021-06-03;17.8;27.6;6.9;0
흀jord Ii;SN71780;2021-06-04;18.3;25.3;10.4;0
흀jord Ii;SN71780;2021-06-05;14.9;19.9;8.8;0
흀jord Ii;SN71780;2021-06-06;13.3;19.5;9.2;0.2
흀jord Ii;SN71780;2021-06-07;13.7;19.1;11.7;0.2
흀jord Ii;SN71780;2021-06-08;13.2;18.6;7.8;0.1
흀jord Ii;SN71780;2021-06-09;15.3;22.1;7.8;0
흀jord Ii;SN71780;2021-06-10;17.7;23;10.8;0
흀jord Ii;SN71780;2021-06-11;15.2;23.6;13;0
흀jord Ii;SN71780;2021-06-12;10.5;13.4;9.8;12
흀jord Ii;SN71780;2021-06-13;9.8;11.6;8.2;11.2
흀jord Ii;SN71780;2021-06-14;10.9;13;9.4;11.9
흀jord Ii;SN71780;2021-06-15;8.9;10.9;7.1;17
흀jord Ii;SN71780;2021-06-16;11.9;17.9;5.1;7.4
흀jord Ii;SN71780;2021-06-17;13.6;18.4;11.4;0.5
흀jord Ii;SN71780;2021-06-18;11.7;14.2;10.9;4.2
흀jord Ii;SN71780;2021-06-19;11.3;14.7;6.6;4.9
흀jord Ii;SN71780;2021-06-20;14.3;18.9;8.2;0.1
흀jord Ii;SN71780;2021-06-21;12.4;16.4;11.4;2.5
흀jord Ii;SN71780;2021-06-22;11.7;16.3;8.7;0.3
흀jord Ii;SN71780;2021-06-23;12.1;16.1;6;0
흀jord Ii;SN71780;2021-06-24;12.2;14.3;10.8;0.1
흀jord Ii;SN71780;2021-06-25;11.4;15.4;9.7;0.4
흀jord Ii;SN71780;2021-06-26;11.4;17.4;4.2;0.7
흀jord Ii;SN71780;2021-06-27;11.2;12.9;6.6;0
흀jord Ii;SN71780;2021-06-28;11.9;13.9;10.5;0.6
흀jord Ii;SN71780;2021-06-29;11.3;14.7;10.2;5.2
흀jord Ii;SN71780;2021-06-30;12.8;18.8;4.7;2.2
흀jord Ii;SN71780;2021-07-01;18.4;26.5;6.8;0.1
흀jord Ii;SN71780;2021-07-02;18.8;26.1;11.7;0
흀jord Ii;SN71780;2021-07-03;18.9;28.2;10.5;0
흀jord Ii;SN71780;2021-07-04;17.7;26.9;12.4;0
흀jord Ii;SN71780;2021-07-05;22.2;29.7;12.7;3.2
흀jord Ii;SN71780;2021-07-06;20.6;26.1;16.7;0
흀jord Ii;SN71780;2021-07-07;18.1;24.3;12.9;0
흀jord Ii;SN71780;2021-07-08;18;24.5;13.8;0
흀jord Ii;SN71780;2021-07-09;19.9;26.3;11.1;0.2
흀jord Ii;SN71780;2021-07-10;17;23.6;13;0
흀jord Ii;SN71780;2021-07-11;15.9;17.3;15.2;14.1
흀jord Ii;SN71780;2021-07-12;17.3;22.7;11.1;10.3
흀jord Ii;SN71780;2021-07-13;16.9;21.3;11.6;0
흀jord Ii;SN71780;2021-07-14;17.4;23.3;12.2;0
흀jord Ii;SN71780;2021-07-15;14.7;18.2;13.4;0.4
흀jord Ii;SN71780;2021-07-16;14.4;16.7;12.4;1.3
흀jord Ii;SN71780;2021-07-17;13.1;14.6;11.8;4.4
흀jord Ii;SN71780;2021-07-18;11.3;12.2;10.6;29.8
흀jord Ii;SN71780;2021-07-19;11.5;12.6;10.7;15.9
흀jord Ii;SN71780;2021-07-20;10.8;13.3;9.7;4.6
흀jord Ii;SN71780;2021-07-21;11.7;14.4;8.8;2
흀jord Ii;SN71780;2021-07-22;11.4;12.6;11;11
흀jord Ii;SN71780;2021-07-23;12.2;16.1;10.4;6.9
흀jord Ii;SN71780;2021-07-24;15.7;22.7;7.9;0
흀jord Ii;SN71780;2021-07-25;13.6;19.1;9.6;0
흀jord Ii;SN71780;2021-07-26;21.5;30.3;11;0
흀jord Ii;SN71780;2021-07-27;23.3;28.3;16.3;0
흀jord Ii;SN71780;2021-07-28;22;29.4;14.8;0
흀jord Ii;SN71780;2021-07-29;18.8;26.3;13.6;0
흀jord Ii;SN71780;2021-07-30;11.8;20.3;10.4;0.2
흀jord Ii;SN71780;2021-07-31;11.5;14.3;9.6;0
흀jord Ii;SN71780;2021-08-01;10.4;14;7.8;1.1
흀jord Ii;SN71780;2021-08-02;10.4;14.7;7.3;4.2
흀jord Ii;SN71780;2021-08-03;10.5;16;5.3;0.8
흀jord Ii;SN71780;2021-08-04;11.7;17.7;3.9;0
흀jord Ii;SN71780;2021-08-05;15.4;22.1;8.8;0
흀jord Ii;SN71780;2021-08-06;17.4;25;9.2;1.8
흀jord Ii;SN71780;2021-08-07;17.9;24;10.9;0
흀jord Ii;SN71780;2021-08-08;15.8;21.2;13.2;1.5
흀jord Ii;SN71780;2021-08-09;17.7;25;10;0.7
흀jord Ii;SN71780;2021-08-10;15.8;21.6;10.4;0
흀jord Ii;SN71780;2021-08-11;14.2;18;12.5;0
흀jord Ii;SN71780;2021-08-12;16.7;23.5;10.2;0
흀jord Ii;SN71780;2021-08-13;15.2;19.4;11.7;0
흀jord Ii;SN71780;2021-08-14;13.6;15.7;12.9;3.2
흀jord Ii;SN71780;2021-08-15;12.8;14.8;11.2;13.7
흀jord Ii;SN71780;2021-08-16;11.9;14.1;10.6;0.2
흀jord Ii;SN71780;2021-08-17;12;16.2;9;0
흀jord Ii;SN71780;2021-08-18;10.5;13.5;5.5;0
흀jord Ii;SN71780;2021-08-19;11.1;12.2;10.3;30.7
흀jord Ii;SN71780;2021-08-20;10.7;12.9;10.3;31
흀jord Ii;SN71780;2021-08-21;9.9;14.4;7.3;2.9
흀jord Ii;SN71780;2021-08-22;9.7;14.2;5.7;0.2
흀jord Ii;SN71780;2021-08-23;10.2;13.3;8.1;0
흀jord Ii;SN71780;2021-08-24;10.4;13.5;6.8;0.3
흀jord Ii;SN71780;2021-08-25;11.4;13.7;10.7;85.6
흀jord Ii;SN71780;2021-08-26;10.8;18;4.7;2
흀jord Ii;SN71780;2021-08-27;12.9;19.2;7.2;0
흀jord Ii;SN71780;2021-08-28;12.4;19.1;6.1;0
흀jord Ii;SN71780;2021-08-29;11.2;16.3;5;0
흀jord Ii;SN71780;2021-08-30;12;14.5;9.7;0
흀jord Ii;SN71780;2021-08-31;12.2;13.3;11.1;4
흀jord Ii;SN71780;2021-09-01;11.6;12.5;10.3;21.3
흀jord Ii;SN71780;2021-09-02;11.9;13;10.6;11.2
흀jord Ii;SN71780;2021-09-03;8;12.5;4.8;13.7
흀jord Ii;SN71780;2021-09-04;8.3;15;3.4;2.9
흀jord Ii;SN71780;2021-09-05;9;14.9;2.7;0
흀jord Ii;SN71780;2021-09-06;11.2;13.2;8.2;0
흀jord Ii;SN71780;2021-09-07;13.1;14;11.5;11
흀jord Ii;SN71780;2021-09-10;10.1;13.7;4.9;0.5
흀jord Ii;SN71780;2021-09-11;13.1;16;11.2;0.3
흀jord Ii;SN71780;2021-09-12;10.8;13.5;9.6;0
흀jord Ii;SN71780;2021-09-13;8;11.1;5.9;10.3
흀jord Ii;SN71780;2021-09-14;8.6;14.7;5.6;0.1
흀jord Ii;SN71780;2021-09-15;9.6;17.7;3.3;0
흀jord Ii;SN71780;2021-09-16;11.9;18;6.7;0
흀jord Ii;SN71780;2021-09-17;12.8;16.1;11.1;0
흀jord Ii;SN71780;2021-09-18;11.4;16.2;8.3;0
흀jord Ii;SN71780;2021-09-19;12.2;17.8;7.3;0
흀jord Ii;SN71780;2021-09-20;10.9;14.2;5.9;0
흀jord Ii;SN71780;2021-09-21;10.3;13;8.2;5.1
흀jord Ii;SN71780;2021-09-22;10.5;15.2;8.9;5.5
흀jord Ii;SN71780;2021-09-23;8.3;12.3;6.3;3.9
흀jord Ii;SN71780;2021-09-24;7.8;10.5;5.5;7.5
흀jord Ii;SN71780;2021-09-25;9.5;11.5;8.2;14.1
흀jord Ii;SN71780;2021-09-26;12.7;15.8;7.6;2.3
흀jord Ii;SN71780;2021-09-27;15.8;19.1;10.2;0
흀jord Ii;SN71780;2021-09-28;12.7;16.7;10.3;0.9
흀jord Ii;SN71780;2021-09-29;13.2;17.5;8.5;1.7
흀jord Ii;SN71780;2021-09-30;13.2;14.6;12.2;0
흀jord Ii;SN71780;2021-10-01;13.5;16.2;10;0
흀jord Ii;SN71780;2021-10-02;14.8;18.5;10.9;1.1
흀jord Ii;SN71780;2021-10-03;14.6;17.6;10.9;0
흀jord Ii;SN71780;2021-10-04;13.3;18.7;8.8;2.3
흀jord Ii;SN71780;2021-10-05;9.1;16.6;4.8;0
흀jord Ii;SN71780;2021-10-06;8.5;13;4.8;0.2
흀jord Ii;SN71780;2021-10-07;9.2;10.6;7.9;7.5
흀jord Ii;SN71780;2021-10-08;10.9;13.5;6.9;14.9
흀jord Ii;SN71780;2021-10-09;11.9;13.8;10;4.8
흀jord Ii;SN71780;2021-10-10;10.2;12.7;8.8;13.3
흀jord Ii;SN71780;2021-10-11;7.4;8.8;6.4;10.6
흀jord Ii;SN71780;2021-10-12;5.2;8.9;2.5;21.9
흀jord Ii;SN71780;2021-10-13;4.4;6;1.3;10.9
흀jord Ii;SN71780;2021-10-14;8.7;10.8;4.8;30.3
흀jord Ii;SN71780;2021-10-15;4.5;8.6;2.8;35.9
흀jord Ii;SN71780;2021-10-16;4.2;6.4;1.6;22.7
흀jord Ii;SN71780;2021-10-17;4;8.9;1.3;20.4
흀jord Ii;SN71780;2021-10-18;2.9;5.8;0;10.1
흀jord Ii;SN71780;2021-10-19;4.8;6.1;0;0
흀jord Ii;SN71780;2021-10-20;7.3;9.7;5.5;27.9
흀jord Ii;SN71780;2021-10-21;5.9;7.8;3.1;7
흀jord Ii;SN71780;2021-10-22;3.3;7.1;0.3;26.6
흀jord Ii;SN71780;2021-10-23;3.7;7.1;0.8;10.4
흀jord Ii;SN71780;2021-10-24;5.8;7.3;3;6.7
흀jord Ii;SN71780;2021-10-25;6.9;9.2;6.1;10.2
흀jord Ii;SN71780;2021-10-26;5.6;9;4.2;0.9
흀jord Ii;SN71780;2021-10-27;8.7;10.8;2.6;1.1
흀jord Ii;SN71780;2021-10-28;9.2;10.9;8.6;9.3
흀jord Ii;SN71780;2021-10-29;9.3;10.1;8.1;10.5
흀jord Ii;SN71780;2021-10-30;9.2;13.5;4.9;1.5
흀jord Ii;SN71780;2021-10-31;9.1;12.8;4.6;0
흀jord Ii;SN71780;2021-11-01;10.5;14.1;3.7;10.1
흀jord Ii;SN71780;2021-11-02;11.3;12.8;10.4;0
흀jord Ii;SN71780;2021-11-03;2.8;11.2;1;0
흀jord Ii;SN71780;2021-11-04;2.1;4.1;-1;0.1
흀jord Ii;SN71780;2021-11-05;5;6.3;3.6;10.4
흀jord Ii;SN71780;2021-11-06;2.7;6.1;-0.4;17.5
흀jord Ii;SN71780;2021-11-07;-0.9;2.9;-3.1;1.1
흀jord Ii;SN71780;2021-11-08;-1.4;0.4;-4.5;0.1
흀jord Ii;SN71780;2021-11-09;4.6;8.6;0;3.7
흀jord Ii;SN71780;2021-11-10;6.4;8.2;2.2;5.1
흀jord Ii;SN71780;2021-11-11;5.2;7.9;1.7;12.4
흀jord Ii;SN71780;2021-11-12;2.3;6.7;-0.3;14.2
흀jord Ii;SN71780;2021-11-13;-1;1.2;-2.3;4.6
흀jord Ii;SN71780;2021-11-14;-0.9;2.4;-4.8;0.2
흀jord Ii;SN71780;2021-11-15;2.7;7.3;-0.4;0.2
흀jord Ii;SN71780;2021-11-16;5.4;8;3.9;4.2
흀jord Ii;SN71780;2021-11-17;5.2;8.6;4.2;5.3
흀jord Ii;SN71780;2021-11-18;3.7;5;2.5;6.4
흀jord Ii;SN71780;2021-11-19;2.9;5.6;0.2;19.2
흀jord Ii;SN71780;2021-11-20;1.7;5.6;0.2;26.6
흀jord Ii;SN71780;2021-11-21;-0.1;1.5;-1.6;19.3
흀jord Ii;SN71780;2021-11-22;3.3;5.8;-1.2;18.2
흀jord Ii;SN71780;2021-11-23;6;8.6;2.1;5.2
흀jord Ii;SN71780;2021-11-24;3.6;6.4;1.1;40.4
흀jord Ii;SN71780;2021-11-25;0.1;3.7;-1.1;16.7
흀jord Ii;SN71780;2021-11-26;-3.2;-0.9;-5.9;14
흀jord Ii;SN71780;2021-11-27;-8.3;-4.7;-9.7;1.7
흀jord Ii;SN71780;2021-11-28;-11.6;-9.3;-12.7;0.1
흀jord Ii;SN71780;2021-11-29;-6.7;-4.3;-13.4;0
흀jord Ii;SN71780;2021-11-30;-5.8;-3.9;-7.7;0
흀jord Ii;SN71780;2021-12-01;-2.1;0.8;-6;14.1
흀jord Ii;SN71780;2021-12-02;-9.7;-2.6;-14.8;11.5
흀jord Ii;SN71780;2021-12-03;-10.1;-6.8;-16.8;0.1
흀jord Ii;SN71780;2021-12-04;-2.8;-2;-6.9;0
흀jord Ii;SN71780;2021-12-05;-5.8;-2.1;-6.7;0
흀jord Ii;SN71780;2021-12-06;-7.9;-6.4;-8.8;0
흀jord Ii;SN71780;2021-12-07;-6.5;-5.8;-8.6;0
흀jord Ii;SN71780;2021-12-08;-2.5;-0.3;-7;0
흀jord Ii;SN71780;2021-12-09;1;1.8;-0.9;0
흀jord Ii;SN71780;2021-12-10;-1.1;2.2;-3.8;0
흀jord Ii;SN71780;2021-12-11;2;3.8;-6;0
흀jord Ii;SN71780;2021-12-12;0.8;3.8;-2.2;0
흀jord Ii;SN71780;2021-12-13;1.8;5.5;-0.3;0.9
흀jord Ii;SN71780;2021-12-14;3.9;5.8;-0.1;1.4
흀jord Ii;SN71780;2021-12-15;6;7.3;2.5;3.2
흀jord Ii;SN71780;2021-12-16;6.6;7.4;4.4;9.4
흀jord Ii;SN71780;2021-12-17;7.5;8.2;6.1;4.4
흀jord Ii;SN71780;2021-12-18;6.6;8.2;3.9;105.7
흀jord Ii;SN71780;2021-12-19;3.7;5.6;1.8;31.7
흀jord Ii;SN71780;2021-12-20;0.1;5;-0.9;10.1
흀jord Ii;SN71780;2021-12-21;0.2;0.7;-0.5;2.1
흀jord Ii;SN71780;2021-12-22;-2.3;0.1;-4;5.1
흀jord Ii;SN71780;2021-12-23;-3.3;3.1;-7.1;0.6
흀jord Ii;SN71780;2021-12-24;-9.5;-4.6;-12.9;5.8
흀jord Ii;SN71780;2021-12-25;-2.4;0;-11.2;15
흀jord Ii;SN71780;2021-12-26;-2.1;-0.8;-3.5;7.7
흀jord Ii;SN71780;2021-12-27;-4.8;-1.4;-6.5;10.3
흀jord Ii;SN71780;2021-12-28;-7.8;-3.6;-9.4;0
흀jord Ii;SN71780;2021-12-29;-3.8;-0.1;-10.8;0
흀jord Ii;SN71780;2021-12-30;-1.8;1.6;-3.8;2.7
흀jord Ii;SN71780;2021-12-31;0.5;3.5;-2.3;2.2
흀jord Ii;SN71780;2022-01-01;-3.5;-0.1;-8.3;1.5
흀jord Ii;SN71780;2022-01-02;1.8;3.8;-0.4;3.7
흀jord Ii;SN71780;2022-01-03;2.1;5.5;0.2;7.5
흀jord Ii;SN71780;2022-01-04;-4.2;0.3;-6.5;9.3
흀jord Ii;SN71780;2022-01-05;-6.5;-4.9;-9.3;0.2
흀jord Ii;SN71780;2022-01-06;-6.6;-2.7;-8.6;8.9
흀jord Ii;SN71780;2022-01-07;-5.1;-2.3;-10.9;1.2
흀jord Ii;SN71780;2022-01-08;-3.9;-1.7;-5;0.4
흀jord Ii;SN71780;2022-01-09;-2.1;-0.4;-8.8;0.1
흀jord Ii;SN71780;2022-01-10;-3.6;-0.3;-8.8;0
흀jord Ii;SN71780;2022-01-11;3.2;4.4;-1.5;0.1
흀jord Ii;SN71780;2022-01-12;6.5;7.5;1.6;1.7
흀jord Ii;SN71780;2022-01-13;5.8;7.6;3.3;61.3
흀jord Ii;SN71780;2022-01-14;2.9;5.4;0.6;23.6
흀jord Ii;SN71780;2022-01-15;3.4;5.5;1;4.7
흀jord Ii;SN71780;2022-01-16;2.7;6.8;-0.1;7.8
흀jord Ii;SN71780;2022-01-17;2.1;4.3;-0.8;27.7
흀jord Ii;SN71780;2022-01-18;6.2;7.4;0.2;8.3
흀jord Ii;SN71780;2022-01-19;2.2;8;-2.1;25.9
흀jord Ii;SN71780;2022-01-20;-0.6;1.3;-3.5;18.7
흀jord Ii;SN71780;2022-01-21;0.5;2.9;-1.1;5.3
흀jord Ii;SN71780;2022-01-22;5.9;8.1;-0.5;17.1
흀jord Ii;SN71780;2022-01-23;8.1;9.3;7;5.6
흀jord Ii;SN71780;2022-01-24;4;9.6;1.8;13.5
흀jord Ii;SN71780;2022-01-25;0.6;3.6;-1.2;10.3
흀jord Ii;SN71780;2022-01-26;3;4.6;-0.2;10
흀jord Ii;SN71780;2022-01-27;1.7;3.7;-0.6;17.8
흀jord Ii;SN71780;2022-01-28;1.5;3.4;-0.5;7.9
흀jord Ii;SN71780;2022-01-29;2.2;5.6;0.1;7.5
흀jord Ii;SN71780;2022-01-30;0.4;3.4;-2.4;18.1
흀jord Ii;SN71780;2022-01-31;-3.4;-1.8;-5.3;1.1
흀jord Ii;SN71780;2022-02-01;-4.8;-1.9;-6.6;2.2
흀jord Ii;SN71780;2022-02-02;-6.7;-3.9;-10.8;0.1
흀jord Ii;SN71780;2022-02-03;-1.8;-0.9;-4.2;11.9
흀jord Ii;SN71780;2022-02-04;1.4;2.7;-1.5;1.2
흀jord Ii;SN71780;2022-02-05;1.2;3.5;-1.1;8.7
흀jord Ii;SN71780;2022-02-06;0.8;3.4;-2.8;6.3
흀jord Ii;SN71780;2022-02-07;1.2;3.2;-0.7;17.8
흀jord Ii;SN71780;2022-02-08;2.5;3.9;0.3;2.8
흀jord Ii;SN71780;2022-02-09;1.8;3.4;0.5;8.7
흀jord Ii;SN71780;2022-02-10;1;3.5;-1.2;14.7
흀jord Ii;SN71780;2022-02-11;-0.3;1.7;-1.7;14.1
흀jord Ii;SN71780;2022-02-12;1.4;3.5;0;9.8
흀jord Ii;SN71780;2022-02-13;1.9;4.4;0.2;2.8
흀jord Ii;SN71780;2022-02-14;-3;0.5;-5.4;4.6
흀jord Ii;SN71780;2022-02-15;-2.3;-1.9;-5.7;0
흀jord Ii;SN71780;2022-02-16;-1.3;0.8;-2.2;0
흀jord Ii;SN71780;2022-02-17;-4.1;-1.8;-8.1;0
흀jord Ii;SN71780;2022-02-18;-1.5;0.6;-5.5;9.1
흀jord Ii;SN71780;2022-02-19;0.2;2.6;-1.5;12.7
흀jord Ii;SN71780;2022-02-20;-0.6;1.7;-2.5;10.2
흀jord Ii;SN71780;2022-02-21;-4;-0.2;-8.5;3.4
흀jord Ii;SN71780;2022-02-22;-4.8;-0.4;-10.9;2.4
흀jord Ii;SN71780;2022-02-23;2.6;5.2;-2.1;1.9
흀jord Ii;SN71780;2022-02-24;1.8;5.7;-1.3;2.7
흀jord Ii;SN71780;2022-02-25;0.3;3.3;-1.9;9.1
흀jord Ii;SN71780;2022-02-26;-0.1;2.9;-3.8;4.6
흀jord Ii;SN71780;2022-02-27;2;8.7;-2.1;0
흀jord Ii;SN71780;2022-02-28;2.3;6.3;-3.6;0
흀jord Ii;SN71780;2022-03-01;3.5;6.1;1.1;1.5
흀jord Ii;SN71780;2022-03-02;3.2;4.8;2.5;9
흀jord Ii;SN71780;2022-03-03;0.7;5.2;-0.5;9.1
흀jord Ii;SN71780;2022-03-04;-1.4;4.6;-5;0
흀jord Ii;SN71780;2022-03-05;0.8;4.1;-3.5;0
흀jord Ii;SN71780;2022-03-06;4.1;5.5;0.5;13.9
흀jord Ii;SN71780;2022-03-07;5.1;5.8;4;22.2
흀jord Ii;SN71780;2022-03-08;3.8;7.9;0.5;2.5
흀jord Ii;SN71780;2022-03-09;3.3;10.7;-2.6;0
흀jord Ii;SN71780;2022-03-10;4.2;7.3;1;0
흀jord Ii;SN71780;2022-03-11;6.1;9.8;2.7;0.6
흀jord Ii;SN71780;2022-03-12;7;11.5;-0.5;0
흀jord Ii;SN71780;2022-03-13;4.8;10.5;0.1;0
흀jord Ii;SN71780;2022-03-14;4.3;12.3;-0.6;0
흀jord Ii;SN71780;2022-03-15;2.6;9.5;-2.1;0
흀jord Ii;SN71780;2022-03-16;3.6;8.7;-3.1;0
흀jord Ii;SN71780;2022-03-17;6.6;8.6;4.3;0
흀jord Ii;SN71780;2022-03-18;3.8;7;2;0.7
흀jord Ii;SN71780;2022-03-19;7.5;11.7;1.5;3.8
흀jord Ii;SN71780;2022-03-20;4;13.9;-0.5;0
흀jord Ii;SN71780;2022-03-21;2.6;11;-2.6;0
흀jord Ii;SN71780;2022-03-22;2.6;7.5;-3.5;0
흀jord Ii;SN71780;2022-03-23;5.9;8.8;3.6;0
흀jord Ii;SN71780;2022-03-24;6.6;7.7;4.6;34.7
흀jord Ii;SN71780;2022-03-25;5.4;7.5;3.1;35.6
흀jord Ii;SN71780;2022-03-26;2.1;5.3;1.2;4
흀jord Ii;SN71780;2022-03-27;5.2;7.3;-0.3;19.3
흀jord Ii;SN71780;2022-03-28;1.6;6.6;0.4;31.3
흀jord Ii;SN71780;2022-03-29;-1.3;3.7;-5;3.2
흀jord Ii;SN71780;2022-03-30;-0.7;3.6;-3.8;1.7
흀jord Ii;SN71780;2022-03-31;-1.7;3.2;-4.4;3.9
흀jord Ii;SN71780;2022-04-01;-2.4;3.6;-9;1.7
흀jord Ii;SN71780;2022-04-02;0.9;2.5;-2.3;9.9
흀jord Ii;SN71780;2022-04-03;0.5;3.9;-0.5;10.2
흀jord Ii;SN71780;2022-04-04;-0.6;3.4;-2.1;11.1
흀jord Ii;SN71780;2022-04-05;-2.4;3.8;-6.9;1.5
흀jord Ii;SN71780;2022-04-06;-0.2;4.4;-6.8;3.1
흀jord Ii;SN71780;2022-04-07;-0.9;4.4;-7.1;0
흀jord Ii;SN71780;2022-04-08;-1.4;2.8;-8.4;0
흀jord Ii;SN71780;2022-04-09;2;6.3;-0.5;8.5
흀jord Ii;SN71780;2022-04-10;4;5.6;-1.6;0.4
흀jord Ii;SN71780;2022-04-11;3.6;4.7;2.7;4.8
흀jord Ii;SN71780;2022-04-12;3.4;7.3;1.6;28.4
흀jord Ii;SN71780;2022-04-13;3.8;10.2;-1.1;0.5
흀jord Ii;SN71780;2022-04-14;2.8;8.7;-3.3;0
흀jord Ii;SN71780;2022-04-15;4.6;11.2;-3;0
흀jord Ii;SN71780;2022-04-16;6;11.2;2;0
흀jord Ii;SN71780;2022-04-17;7;15;-0.2;0
흀jord Ii;SN71780;2022-04-18;10.4;17.4;2.6;0
흀jord Ii;SN71780;2022-04-19;8.5;16.2;1.3;0
흀jord Ii;SN71780;2022-04-20;8.5;17;-0.3;0
흀jord Ii;SN71780;2022-04-21;7.8;16.6;0.1;0
흀jord Ii;SN71780;2022-04-22;6.4;12.1;0.4;0
흀jord Ii;SN71780;2022-04-23;7.1;14.2;-0.8;0
흀jord Ii;SN71780;2022-04-24;7.5;14.3;0.4;0
흀jord Ii;SN71780;2022-04-25;4.9;9.5;1.9;0.2
흀jord Ii;SN71780;2022-04-26;1.9;5.7;0.7;2.5
흀jord Ii;SN71780;2022-04-27;1.6;4.8;-3.3;8.2
흀jord Ii;SN71780;2022-04-28;3.7;6.6;0.3;7.3
흀jord Ii;SN71780;2022-04-29;3.3;6.8;0.2;3.5
흀jord Ii;SN71780;2022-04-30;5.5;7.6;2.8;4.5
흀jord Ii;SN71780;2022-05-01;6.8;8.8;4.5;5.7
흀jord Ii;SN71780;2022-05-02;4.8;7.2;3.4;6.3
흀jord Ii;SN71780;2022-05-03;1.8;5.6;-0.4;5
흀jord Ii;SN71780;2022-05-04;3.6;8.6;-2.8;1.2
흀jord Ii;SN71780;2022-05-05;6.4;8;4.4;1.2
흀jord Ii;SN71780;2022-05-06;8.1;12;5.2;2.5
흀jord Ii;SN71780;2022-05-07;3.6;7;1.8;6.1
흀jord Ii;SN71780;2022-05-08;5.1;8;0.4;12.1
흀jord Ii;SN71780;2022-05-09;8.2;13.3;3.5;3.5
흀jord Ii;SN71780;2022-05-10;10.2;15.9;6.9;1.6
흀jord Ii;SN71780;2022-05-11;9.5;16.3;6.3;2.6
흀jord Ii;SN71780;2022-05-12;7.2;10.1;4.5;6
흀jord Ii;SN71780;2022-05-13;7.2;12.1;5.2;5.9
흀jord Ii;SN71780;2022-05-14;6.3;7.6;5;9.8
흀jord Ii;SN71780;2022-05-15;5.4;7.7;4.5;6.9
흀jord Ii;SN71780;2022-05-16;4.7;9;-0.2;0.7
흀jord Ii;SN71780;2022-05-17;7.6;16.7;-1.5;0
흀jord Ii;SN71780;2022-05-18;10.9;19.6;1;0
흀jord Ii;SN71780;2022-05-19;13.5;19.6;9.4;0
흀jord Ii;SN71780;2022-05-20;13.3;18.4;8.9;0
흀jord Ii;SN71780;2022-05-21;12.2;16.8;8.2;0
흀jord Ii;SN71780;2022-05-22;11.6;16.8;8.5;2.8
흀jord Ii;SN71780;2022-05-23;14.7;19.7;7.8;0
흀jord Ii;SN71780;2022-05-24;15.3;20.3;9.9;0
흀jord Ii;SN71780;2022-05-25;12;18;9.7;0
흀jord Ii;SN71780;2022-05-26;10.3;17.3;3.9;1.3
흀jord Ii;SN71780;2022-05-27;8.9;10.5;6.6;0
흀jord Ii;SN71780;2022-05-28;6.8;8.7;5.9;8.8
흀jord Ii;SN71780;2022-05-29;8.1;12.6;5.4;55.3
흀jord Ii;SN71780;2022-05-30;14;20.1;4.4;0.4
흀jord Ii;SN71780;2022-05-31;14.8;21.9;8.4;0
흀jord Ii;SN71780;2022-06-01;11.8;17;7.4;1.1
흀jord Ii;SN71780;2022-06-02;12.6;17.2;10;8.1
흀jord Ii;SN71780;2022-06-03;9.7;12;9.2;0
흀jord Ii;SN71780;2022-06-04;8.4;10.1;7.5;4.5
흀jord Ii;SN71780;2022-06-05;7.2;10.2;6;8.1
흀jord Ii;SN71780;2022-06-06;10.2;15.7;0.3;0.2
흀jord Ii;SN71780;2022-06-07;11.5;16.4;7;0
흀jord Ii;SN71780;2022-06-08;11;16.6;7.2;0
흀jord Ii;SN71780;2022-06-09;10.3;14.9;3.9;0
흀jord Ii;SN71780;2022-06-10;12.1;17.5;4;0
흀jord Ii;SN71780;2022-06-11;13.8;20.2;8.7;3.6
흀jord Ii;SN71780;2022-06-12;12.7;19.2;9;0.3
흀jord Ii;SN71780;2022-06-13;10.3;12;9.6;4.1
흀jord Ii;SN71780;2022-06-14;10;12.4;8.6;17.8
흀jord Ii;SN71780;2022-06-15;10.8;11.7;9.8;14.6
흀jord Ii;SN71780;2022-06-16;12.4;16.5;10;16.5
흀jord Ii;SN71780;2022-06-17;15;19.7;10.1;0.2
흀jord Ii;SN71780;2022-06-18;11.2;18.6;8.7;7.2
흀jord Ii;SN71780;2022-06-19;10.2;15.3;4.3;3.6
흀jord Ii;SN71780;2022-06-20;13;18.9;4.4;0
흀jord Ii;SN71780;2022-06-21;9.7;14.6;8.7;6.2
흀jord Ii;SN71780;2022-06-22;10.8;14.1;6.1;4.9
흀jord Ii;SN71780;2022-06-23;11.4;12.4;9.6;20.6
흀jord Ii;SN71780;2022-06-24;18;25.1;11.7;9.9
흀jord Ii;SN71780;2022-06-25;21.2;29.3;12.2;0
흀jord Ii;SN71780;2022-06-26;22.9;30;14.7;1.7
흀jord Ii;SN71780;2022-06-27;17.4;25.7;15.6;0
흀jord Ii;SN71780;2022-06-28;13;16.6;11.6;7.9
흀jord Ii;SN71780;2022-06-29;15.5;19.8;11.5;13.4
흀jord Ii;SN71780;2022-06-30;20.2;27.7;11.1;0
흀jord Ii;SN71780;2022-07-01;23.1;29.4;13.9;0
흀jord Ii;SN71780;2022-07-02;15.7;24.4;12.7;0
흀jord Ii;SN71780;2022-07-03;15.6;22;10.1;13.5
흀jord Ii;SN71780;2022-07-04;15.5;22.8;10.9;0.1
흀jord Ii;SN71780;2022-07-05;11.9;15.2;10.8;17
흀jord Ii;SN71780;2022-07-06;10.5;11.9;8.9;12.3
흀jord Ii;SN71780;2022-07-07;10.3;11.9;9.4;21.1
흀jord Ii;SN71780;2022-07-08;11;12.8;9.5;24.5
흀jord Ii;SN71780;2022-07-09;10.3;11.4;9.7;10.3
흀jord Ii;SN71780;2022-07-10;10.8;12.9;9.1;10.9
흀jord Ii;SN71780;2022-07-11;12.8;17.5;7.8;0.1
흀jord Ii;SN71780;2022-07-12;16.7;25.1;10;0.1
흀jord Ii;SN71780;2022-07-13;12.6;15.7;11.4;0.7
흀jord Ii;SN71780;2022-07-14;10.1;12.9;9.3;8.6
흀jord Ii;SN71780;2022-07-15;10.5;11.9;9.7;9.2
흀jord Ii;SN71780;2022-07-16;9.8;11.5;8.6;2.7
흀jord Ii;SN71780;2022-07-17;10.7;13;8.5;4.8
흀jord Ii;SN71780;2022-07-18;12.2;14;10.8;5.8
흀jord Ii;SN71780;2022-07-19;13.4;18.6;9.6;3.3
흀jord Ii;SN71780;2022-07-20;17;21.4;12.1;1.5
흀jord Ii;SN71780;2022-07-21;12.8;17.5;11.8;21.5
흀jord Ii;SN71780;2022-07-22;11.5;13.7;10.4;3.8
흀jord Ii;SN71780;2022-07-23;12.1;16.9;6.3;0.4
흀jord Ii;SN71780;2022-07-24;14.6;20.6;8.1;0.7
흀jord Ii;SN71780;2022-07-25;18.2;26.4;13.2;0.7
흀jord Ii;SN71780;2022-07-26;12.7;16.4;11.7;33.1
흀jord Ii;SN71780;2022-07-27;10;11.9;9.1;24.9
흀jord Ii;SN71780;2022-07-28;11.6;15.4;8.3;6.4
흀jord Ii;SN71780;2022-07-29;15.7;22.9;10;0
흀jord Ii;SN71780;2022-07-30;15.8;24.3;9.7;0
흀jord Ii;SN71780;2022-07-31;12.7;19;10.3;0.3
흀jord Ii;SN71780;2022-08-01;10.9;15;9.9;10.5
흀jord Ii;SN71780;2022-08-02;13.4;18.9;4.5;3
흀jord Ii;SN71780;2022-08-03;14.7;19.4;11.6;2.4
흀jord Ii;SN71780;2022-08-04;12.2;15.8;10.5;13.9
흀jord Ii;SN71780;2022-08-05;12.2;16;9.7;6.5
흀jord Ii;SN71780;2022-08-06;11;13.5;10;3.5
흀jord Ii;SN71780;2022-08-07;13;18.4;9.4;13.5
흀jord Ii;SN71780;2022-08-08;12.6;17.8;6;0
흀jord Ii;SN71780;2022-08-09;14.2;16.4;12.4;8.3
흀jord Ii;SN71780;2022-08-10;16.3;21.1;13.5;25.9
흀jord Ii;SN71780;2022-08-11;12.8;17.8;10.9;26.2
흀jord Ii;SN71780;2022-08-12;12.5;16.1;9.8;8.6
흀jord Ii;SN71780;2022-08-13;13.2;16.6;10.4;0.1
흀jord Ii;SN71780;2022-08-14;16.9;23.9;10.5;0
흀jord Ii;SN71780;2022-08-15;19.4;26.5;12.7;0
흀jord Ii;SN71780;2022-08-16;18.5;22.9;15;0
흀jord Ii;SN71780;2022-08-17;10.8;17.5;10.1;5.7
흀jord Ii;SN71780;2022-08-18;14.3;21.2;4.3;3.6
흀jord Ii;SN71780;2022-08-19;16.6;24.9;13;0
흀jord Ii;SN71780;2022-08-20;12.6;16.5;8.2;0
흀jord Ii;SN71780;2022-08-21;13.3;19.5;9.5;0.3
흀jord Ii;SN71780;2022-08-22;11.4;14.4;9.8;17.5
흀jord Ii;SN71780;2022-08-23;14;20.6;8.1;4.1
흀jord Ii;SN71780;2022-08-24;17.5;25.3;10.6;0
흀jord Ii;SN71780;2022-08-25;18.1;24.6;13.9;0
흀jord Ii;SN71780;2022-08-26;15.5;21;13.1;0
흀jord Ii;SN71780;2022-08-27;12;14.6;11.3;1
흀jord Ii;SN71780;2022-08-28;10.7;14.2;9.3;13.9
흀jord Ii;SN71780;2022-08-29;10.6;14;8.1;2.2
흀jord Ii;SN71780;2022-08-30;9.7;15.4;5.3;0
흀jord Ii;SN71780;2022-08-31;9;13.1;4.7;0.2
흀jord Ii;SN71780;2022-09-01;9.7;16.2;4.4;0.5
흀jord Ii;SN71780;2022-09-02;10.9;18.6;4.1;0
흀jord Ii;SN71780;2022-09-03;10;17.3;3.8;0
흀jord Ii;SN71780;2022-09-04;11.9;19.2;5.1;0
흀jord Ii;SN71780;2022-09-05;12;20.6;5.8;0
흀jord Ii;SN71780;2022-09-06;9;17.1;3.2;0
흀jord Ii;SN71780;2022-09-07;9;18.4;1.4;0
흀jord Ii;SN71780;2022-09-08;11.4;19.7;5;0
흀jord Ii;SN71780;2022-09-09;11.2;17.9;5.1;0
흀jord Ii;SN71780;2022-09-10;9.4;16.3;4.2;0
흀jord Ii;SN71780;2022-09-11;9.1;14.8;3.7;0
흀jord Ii;SN71780;2022-09-12;11.5;16.8;5.4;0
흀jord Ii;SN71780;2022-09-13;12.5;15.9;10.5;0.8
흀jord Ii;SN71780;2022-09-14;11.4;13.1;10.6;17.3
흀jord Ii;SN71780;2022-09-15;10.4;12.8;8.5;4.9
흀jord Ii;SN71780;2022-09-16;10.9;12.7;10.1;7.3
흀jord Ii;SN71780;2022-09-17;10.3;13.6;8.8;15.9
흀jord Ii;SN71780;2022-09-18;9.6;11.9;8.7;12.9
흀jord Ii;SN71780;2022-09-19;8.6;11.7;7.6;12.9
흀jord Ii;SN71780;2022-09-20;7.1;13.2;4.3;6.5
흀jord Ii;SN71780;2022-09-21;7.8;12.6;2;0
흀jord Ii;SN71780;2022-09-22;11.3;16.1;7.3;0.9
흀jord Ii;SN71780;2022-09-23;10.6;12.7;10.1;3.5
흀jord Ii;SN71780;2022-09-24;8.6;12.8;4.9;6.3
흀jord Ii;SN71780;2022-09-25;9.8;14.7;3.5;0
흀jord Ii;SN71780;2022-09-26;11.6;13.9;9.3;1.6
흀jord Ii;SN71780;2022-09-27;13.2;15.2;11.3;0
흀jord Ii;SN71780;2022-09-28;13.5;17.2;10.8;0
흀jord Ii;SN71780;2022-09-29;11;14.8;6.7;0
흀jord Ii;SN71780;2022-09-30;10.2;14.8;6.5;0.7
흀jord Ii;SN71780;2022-10-01;11.3;15.7;8.7;0
흀jord Ii;SN71780;2022-10-02;9.8;13.1;7.3;0
흀jord Ii;SN71780;2022-10-03;9.9;12;7.9;3.8
흀jord Ii;SN71780;2022-10-04;10.4;13.1;8.3;16.9
흀jord Ii;SN71780;2022-10-05;9.3;12;5.6;17.7
흀jord Ii;SN71780;2022-10-06;9.1;11.4;6.2;2
흀jord Ii;SN71780;2022-10-07;8.7;12;6.1;5.7
흀jord Ii;SN71780;2022-10-08;7.4;8.6;5.6;5
흀jord Ii;SN71780;2022-10-09;8;10.6;6.3;24.7
흀jord Ii;SN71780;2022-10-10;10.2;13.2;6.2;3.8
흀jord Ii;SN71780;2022-10-11;6.8;9.5;5.6;7.3
흀jord Ii;SN71780;2022-10-12;6.5;8.2;4;10.8
흀jord Ii;SN71780;2022-10-13;6.3;9.1;4;6.5
흀jord Ii;SN71780;2022-10-14;5.7;12.7;0.6;6.3
흀jord Ii;SN71780;2022-10-15;5.9;9.1;3.1;1.9
흀jord Ii;SN71780;2022-10-16;6.1;11.6;2.6;9.8
흀jord Ii;SN71780;2022-10-17;4.4;8.7;0.8;1.7
흀jord Ii;SN71780;2022-10-18;4.6;6.4;2;2
흀jord Ii;SN71780;2022-10-19;7;8.1;4.5;8.4
흀jord Ii;SN71780;2022-10-20;6.2;7.4;5.6;6.9
흀jord Ii;SN71780;2022-10-21;3.6;9.5;1;2.8
흀jord Ii;SN71780;2022-10-22;3.6;8.1;-0.9;0.1
흀jord Ii;SN71780;2022-10-23;2.5;6.3;-0.5;2.6
흀jord Ii;SN71780;2022-10-24;5.1;9.6;-0.9;0.2
흀jord Ii;SN71780;2022-10-25;8.3;10.6;5.3;0
흀jord Ii;SN71780;2022-10-26;8;10.2;6.4;0
흀jord Ii;SN71780;2022-10-27;8.1;9.4;6.4;5.6
흀jord Ii;SN71780;2022-10-28;9.3;10.9;8;12.1
흀jord Ii;SN71780;2022-10-29;7.3;11;6.1;22.6
흀jord Ii;SN71780;2022-10-30;4.3;6.9;1.2;3.5
흀jord Ii;SN71780;2022-10-31;7.4;8.9;3.8;8.2
흀jord Ii;SN71780;2022-11-01;8.4;11.1;3.7;7.1
흀jord Ii;SN71780;2022-11-02;8.7;13.3;5.8;0
흀jord Ii;SN71780;2022-11-03;8.4;12.5;5.8;12.7
흀jord Ii;SN71780;2022-11-04;11.2;13.3;5.4;0
흀jord Ii;SN71780;2022-11-05;8.6;11.5;7.3;0.9
흀jord Ii;SN71780;2022-11-06;2.2;7.4;0.2;2.1
흀jord Ii;SN71780;2022-11-07;0.2;4.4;-1.9;0
흀jord Ii;SN71780;2022-11-08;2.9;5.4;-0.2;0.2
흀jord Ii;SN71780;2022-11-09;4.6;5.7;3.8;0.5
흀jord Ii;SN71780;2022-11-10;6.4;8.9;3.3;10.3
흀jord Ii;SN71780;2022-11-11;9.9;11.8;7.6;6.1
흀jord Ii;SN71780;2022-11-12;9.5;10.3;8.2;16
흀jord Ii;SN71780;2022-11-13;4.8;9.3;2.7;1.3
흀jord Ii;SN71780;2022-11-14;6.9;9.7;4.7;0
흀jord Ii;SN71780;2022-11-15;6.3;8.1;3.4;0
흀jord Ii;SN71780;2022-11-16;4.8;6.9;3.9;0
흀jord Ii;SN71780;2022-11-17;4.6;7.6;0.3;0
흀jord Ii;SN71780;2022-11-18;2.8;4.7;-0.8;0
흀jord Ii;SN71780;2022-11-19;-0.4;4.2;-1.9;0
흀jord Ii;SN71780;2022-11-20;-2.6;1.1;-4.6;0
흀jord Ii;SN71780;2022-11-21;-2.7;-1;-8.2;0
흀jord Ii;SN71780;2022-11-22;-0.1;1;-2.3;0
흀jord Ii;SN71780;2022-11-23;2.7;3.8;0.5;0
흀jord Ii;SN71780;2022-11-24;3.6;4.8;1.6;0
흀jord Ii;SN71780;2022-11-25;5.6;6.2;4.2;0
흀jord Ii;SN71780;2022-11-26;4.8;6.2;1.9;0
흀jord Ii;SN71780;2022-11-27;7;10;4.4;0
흀jord Ii;SN71780;2022-11-28;6.7;8.9;5;1.5
흀jord Ii;SN71780;2022-11-29;5.1;6.8;4.7;0
흀jord Ii;SN71780;2022-11-30;1.2;4.8;0;0.2
흀jord Ii;SN71780;2022-12-01;-0.2;1.8;-1.7;1.9
흀jord Ii;SN71780;2022-12-02;-0.3;1.9;-3.1;0
흀jord Ii;SN71780;2022-12-03;-5.6;0.6;-6.5;0
흀jord Ii;SN71780;2022-12-04;-3.7;-1.7;-7.4;0.1
흀jord Ii;SN71780;2022-12-05;1.4;4.6;-1.7;1.1
흀jord Ii;SN71780;2022-12-06;-0.3;4.4;-2.3;8.4
흀jord Ii;SN71780;2022-12-07;0.3;3;-3.9;15.2
흀jord Ii;SN71780;2022-12-08;-3.7;0.6;-5.4;9.1
흀jord Ii;SN71780;2022-12-09;-8.5;-3.8;-11.1;0
흀jord Ii;SN71780;2022-12-10;-11.8;-8.1;-14.9;0
흀jord Ii;SN71780;2022-12-11;-9.9;-6.3;-15.3;0.1
흀jord Ii;SN71780;2022-12-12;-6.6;-4.8;-9.4;0
흀jord Ii;SN71780;2022-12-13;-15.4;-6.3;-17.5;0
흀jord Ii;SN71780;2022-12-14;-9.3;-5.8;-17.4;0.9
흀jord Ii;SN71780;2022-12-15;-3.5;0.8;-13.2;7.5
흀jord Ii;SN71780;2022-12-16;-2.5;-0.7;-6;23.5
흀jord Ii;SN71780;2022-12-17;-7.1;-1;-9.9;21.5
흀jord Ii;SN71780;2022-12-18;-0.3;3;-9.1;0.1
흀jord Ii;SN71780;2022-12-19;-1.6;2;-5.1;6
흀jord Ii;SN71780;2022-12-20;1.3;2.5;-0.2;0.3
흀jord Ii;SN71780;2022-12-21;0.1;1.9;-1;1.8
흀jord Ii;SN71780;2022-12-22;-2.8;0.4;-6.6;5.1
흀jord Ii;SN71780;2022-12-23;-2.4;0.1;-7.6;6.1
흀jord Ii;SN71780;2022-12-24;-0.7;1.1;-2.8;4.2
흀jord Ii;SN71780;2022-12-25;-2;2.8;-8.2;4
흀jord Ii;SN71780;2022-12-26;3.2;6.6;0.5;0
흀jord Ii;SN71780;2022-12-27;2.3;4.1;-0.5;1
흀jord Ii;SN71780;2022-12-28;-2;2.2;-5.6;9.2
흀jord Ii;SN71780;2022-12-29;2.1;4.8;-3.6;0
흀jord Ii;SN71780;2022-12-30;2.1;5.3;-0.5;3.8
흀jord Ii;SN71780;2022-12-31;3.3;7.2;-0.1;2.3
흀jord Ii;SN71780;2023-01-01;-1.5;2.1;-5.8;10.3
흀jord Ii;SN71780;2023-01-02;-7.9;-2.2;-10.4;0.3
흀jord Ii;SN71780;2023-01-03;-7.9;-5.1;-9.8;0.2
흀jord Ii;SN71780;2023-01-04;-3.5;-1.5;-11.3;0
흀jord Ii;SN71780;2023-01-05;-2.9;-2.2;-4;0
흀jord Ii;SN71780;2023-01-06;-2;-1.5;-2.6;0
흀jord Ii;SN71780;2023-01-07;0.2;1.5;-2.1;3.3
흀jord Ii;SN71780;2023-01-08;6.2;7.6;-0.1;3.4
흀jord Ii;SN71780;2023-01-09;5.8;7.2;3.8;0
흀jord Ii;SN71780;2023-01-10;4.2;6.4;1.4;0
흀jord Ii;SN71780;2023-01-11;4.8;7.2;2.1;0
흀jord Ii;SN71780;2023-01-12;4.1;7.9;2.5;6.2
흀jord Ii;SN71780;2023-01-13;-1.4;3.3;-3.2;10.7
흀jord Ii;SN71780;2023-01-14;-1.8;-0.9;-4.8;0.6
흀jord Ii;SN71780;2023-01-15;-1.1;0.6;-2.5;0
흀jord Ii;SN71780;2023-01-16;-2;0.7;-3.7;1
흀jord Ii;SN71780;2023-01-17;1.1;3.4;-4.6;8.3
흀jord Ii;SN71780;2023-01-18;-0.6;2.8;-3.5;0
흀jord Ii;SN71780;2023-01-19;-2.6;-0.4;-5;4.1
흀jord Ii;SN71780;2023-01-20;-0.1;2.2;-4.1;2.6
흀jord Ii;SN71780;2023-01-21;0.2;0.8;-0.6;8.8
흀jord Ii;SN71780;2023-01-22;-0.7;3.3;-3.5;0.1
흀jord Ii;SN71780;2023-01-23;1.9;4.9;-0.4;1.1
흀jord Ii;SN71780;2023-01-24;4.5;8.4;1.2;17.5
흀jord Ii;SN71780;2023-01-25;6.1;9.2;4.3;12
흀jord Ii;SN71780;2023-01-26;0.8;4.7;-0.7;5
흀jord Ii;SN71780;2023-01-27;3.8;6.1;-0.3;3.6
흀jord Ii;SN71780;2023-01-28;3.1;7;1.8;12.8
흀jord Ii;SN71780;2023-01-29;2.2;5.9;0.1;22.7
흀jord Ii;SN71780;2023-01-30;3.6;4.8;1.7;39.2
흀jord Ii;SN71780;2023-01-31;-0.4;4.2;-2.8;1.1
흀jord Ii;SN71780;2023-02-01;-5.8;-2.7;-7.8;1.7
흀jord Ii;SN71780;2023-02-02;-2.9;0;-5.8;2.7
흀jord Ii;SN71780;2023-02-03;-5.5;-1.4;-8;1.8
흀jord Ii;SN71780;2023-02-04;-3.5;0.5;-10.4;0
흀jord Ii;SN71780;2023-02-05;2.2;5.1;-1.1;2.2
흀jord Ii;SN71780;2023-02-06;3.7;7.3;-1.5;4.6
흀jord Ii;SN71780;2023-02-07;2.8;7.3;0.2;0.3
흀jord Ii;SN71780;2023-02-08;4.6;9.5;-1.4;2.8
흀jord Ii;SN71780;2023-02-09;1.4;8;-0.1;6.7
흀jord Ii;SN71780;2023-02-10;-0.8;1.8;-2;15.9
흀jord Ii;SN71780;2023-02-11;-2.7;-1.2;-5.3;3.1
흀jord Ii;SN71780;2023-02-12;6.3;7.8;-2.9;12.8
흀jord Ii;SN71780;2023-02-13;7.3;7.9;4.8;50.9
흀jord Ii;SN71780;2023-02-14;1.4;7.1;0.1;0
흀jord Ii;SN71780;2023-02-15;1.8;4.4;-3.5;0
흀jord Ii;SN71780;2023-02-16;3.4;7.6;0.6;0.1
흀jord Ii;SN71780;2023-02-17;1;3.5;-1;7.4
흀jord Ii;SN71780;2023-02-18;1.6;3.2;-0.9;3.2
흀jord Ii;SN71780;2023-02-19;0.4;2.5;-1.2;7.3
흀jord Ii;SN71780;2023-02-20;0.6;3.7;-1.6;5.9
흀jord Ii;SN71780;2023-02-21;-4.2;1.5;-7.3;13.7
흀jord Ii;SN71780;2023-02-22;0.6;2.5;-5.5;0.3
흀jord Ii;SN71780;2023-02-23;0.9;3.5;-0.5;11.3
흀jord Ii;SN71780;2023-02-24;-0.2;3;-1.2;12.5
흀jord Ii;SN71780;2023-02-25;-0.5;3.3;-3.2;10
흀jord Ii;SN71780;2023-02-26;3.2;5.1;-1.2;11.2
흀jord Ii;SN71780;2023-02-27;4.9;5.2;4;19.2
흀jord Ii;SN71780;2023-02-28;4.8;6.5;2.4;13.9
흀jord Ii;SN71780;2023-03-01;5.5;6.5;2.5;5.6
흀jord Ii;SN71780;2023-03-02;4.8;6.1;3.6;5.9
흀jord Ii;SN71780;2023-03-03;1.8;5.9;-1.6;15.1
흀jord Ii;SN71780;2023-03-04;-0.8;1.8;-3.4;11.3
흀jord Ii;SN71780;2023-03-05;-1.8;1.5;-4.3;16.4
흀jord Ii;SN71780;2023-03-06;-5.1;-0.3;-8.3;3.6
흀jord Ii;SN71780;2023-03-07;-6.1;-1.4;-9;2.3
흀jord Ii;SN71780;2023-03-08;-9;-5.1;-12.3;1.6
흀jord Ii;SN71780;2023-03-09;-10.6;-2.5;-16.5;0
흀jord Ii;SN71780;2023-03-10;-5.4;-0.7;-14.9;0
흀jord Ii;SN71780;2023-03-11;-2.3;2;-4.4;22.2
흀jord Ii;SN71780;2023-03-12;-2.2;1.4;-5.2;3.8
흀jord Ii;SN71780;2023-03-13;-1.6;2.2;-6.4;0.5
흀jord Ii;SN71780;2023-03-14;-0.3;4.2;-4.2;3.1
흀jord Ii;SN71780;2023-03-15;0.4;4.4;-1.7;9.6
흀jord Ii;SN71780;2023-03-16;-0.7;3.4;-7;4.8
흀jord Ii;SN71780;2023-03-17;3.4;5.7;0.6;0
흀jord Ii;SN71780;2023-03-18;2.1;4.2;0.5;3.5
흀jord Ii;SN71780;2023-03-19;1.8;5.5;-1.3;1.6
흀jord Ii;SN71780;2023-03-20;1.6;5.1;0.4;4
흀jord Ii;SN71780;2023-03-21;0.7;5;-1.8;3.9
흀jord Ii;SN71780;2023-03-22;0.5;3.3;-2.2;0
흀jord Ii;SN71780;2023-03-23;0.7;2.2;-1;3.6
흀jord Ii;SN71780;2023-03-24;-0.6;2.3;-2;4.8
흀jord Ii;SN71780;2023-03-25;-4.3;3.4;-10.8;0
흀jord Ii;SN71780;2023-03-26;-3.3;1.4;-8.7;2.4
흀jord Ii;SN71780;2023-03-27;-5;1.7;-10.7;3.6
흀jord Ii;SN71780;2023-03-28;-6.3;0.9;-14.8;0
흀jord Ii;SN71780;2023-03-29;-5.8;0.7;-12.1;0
흀jord Ii;SN71780;2023-03-30;-5;1.2;-14;0
흀jord Ii;SN71780;2023-03-31;-2.6;4.4;-12;0
흀jord Ii;SN71780;2023-04-01;-1.4;5.2;-8.5;0
흀jord Ii;SN71780;2023-04-02;-0.2;6.8;-7.5;0
흀jord Ii;SN71780;2023-04-03;3.3;6.6;-2.4;0
흀jord Ii;SN71780;2023-04-04;4.8;8.9;1.6;2
흀jord Ii;SN71780;2023-04-05;6.4;11.3;-0.5;0
흀jord Ii;SN71780;2023-04-06;5.3;8.5;3.5;0
흀jord Ii;SN71780;2023-04-07;3;8.4;-2.8;0
흀jord Ii;SN71780;2023-04-08;4.2;9.7;1.3;3.8
흀jord Ii;SN71780;2023-04-09;4.9;9.9;-2.9;0
흀jord Ii;SN71780;2023-04-10;7.5;10.2;4.6;0
흀jord Ii;SN71780;2023-04-11;9;12.2;3.1;0
흀jord Ii;SN71780;2023-04-12;9.8;13.3;7.1;0
흀jord Ii;SN71780;2023-04-13;9;11.6;7.6;0
흀jord Ii;SN71780;2023-04-14;6.8;9.1;5.4;0
흀jord Ii;SN71780;2023-04-15;6.7;9.4;5.3;0
흀jord Ii;SN71780;2023-04-16;5.7;11.2;3.6;2.4
흀jord Ii;SN71780;2023-04-17;6.7;14.1;-0.3;0.1
흀jord Ii;SN71780;2023-04-18;7.8;16.7;0.3;0
흀jord Ii;SN71780;2023-04-19;5.9;13.6;-1.1;0
흀jord Ii;SN71780;2023-04-20;6;13;-0.8;0
흀jord Ii;SN71780;2023-04-21;5.6;12.3;-1.5;0
흀jord Ii;SN71780;2023-04-22;3;7.8;0.5;0
흀jord Ii;SN71780;2023-04-23;1.9;4.8;-1.4;0.1
흀jord Ii;SN71780;2023-04-24;1.7;4.8;-1.5;0
흀jord Ii;SN71780;2023-04-25;0.4;2.6;-3.1;0.5
흀jord Ii;SN71780;2023-04-26;1.5;4.4;-1.1;2
흀jord Ii;SN71780;2023-04-27;2.2;4.1;0.3;6
흀jord Ii;SN71780;2023-04-28;3.3;7.3;-1.1;12.5
흀jord Ii;SN71780;2023-04-29;2.8;7.9;-2.6;3.4
흀jord Ii;SN71780;2023-04-30;3.7;6.4;0.5;5.9
흀jord Ii;SN71780;2023-05-01;2.5;4.9;0.4;9.3
흀jord Ii;SN71780;2023-05-02;3.7;9.1;0.2;12.2
흀jord Ii;SN71780;2023-05-03;2;6.8;-0.8;5.6
흀jord Ii;SN71780;2023-05-04;1.9;7.6;-2.7;0.9
흀jord Ii;SN71780;2023-05-05;4.7;11.6;-2.7;2.3
흀jord Ii;SN71780;2023-05-06;6.4;12.7;-0.5;0
흀jord Ii;SN71780;2023-05-07;7.7;14.7;-0.7;0
흀jord Ii;SN71780;2023-05-08;11;17;2.1;0
흀jord Ii;SN71780;2023-05-09;12.6;17.3;5.9;0
흀jord Ii;SN71780;2023-05-10;11.5;18.7;7.1;0
흀jord Ii;SN71780;2023-05-11;9.6;16.6;3.5;0
흀jord Ii;SN71780;2023-05-12;10.1;14.9;8.3;0
흀jord Ii;SN71780;2023-05-13;9.6;15;4.4;0
흀jord Ii;SN71780;2023-05-14;14.3;21.8;3.7;0
흀jord Ii;SN71780;2023-05-15;9.4;19.4;6.2;0
흀jord Ii;SN71780;2023-05-16;7.1;13.8;5.8;1
흀jord Ii;SN71780;2023-05-17;5.1;7.1;2.8;6.8
흀jord Ii;SN71780;2023-05-18;9.5;14.6;2.1;8.9
흀jord Ii;SN71780;2023-05-19;10.8;15.9;8;0.7
흀jord Ii;SN71780;2023-05-20;12.1;18.3;8.3;0
흀jord Ii;SN71780;2023-05-21;10.4;14.6;6.8;0
흀jord Ii;SN71780;2023-05-22;12.6;19.7;5.1;0
흀jord Ii;SN71780;2023-05-23;8.1;12.3;7.2;3.9
흀jord Ii;SN71780;2023-05-24;7.8;11.5;3.3;7.1
흀jord Ii;SN71780;2023-05-25;6.5;9.3;3.8;5.8
흀jord Ii;SN71780;2023-05-26;6.2;8.2;2.6;25.2
흀jord Ii;SN71780;2023-05-27;8.7;11.6;5.6;11.4
흀jord Ii;SN71780;2023-05-28;6.6;9.3;4.9;8.2
흀jord Ii;SN71780;2023-05-29;7.3;10;4.6;2.6
흀jord Ii;SN71780;2023-05-30;8.5;10;7.4;4.2
흀jord Ii;SN71780;2023-05-31;7;9.3;6.2;13.8
흀jord Ii;SN71780;2023-06-01;5.6;7.5;3.1;0.5
흀jord Ii;SN71780;2023-06-02;7.1;9.7;5.2;5.4
흀jord Ii;SN71780;2023-06-03;7;8.3;6.6;11.5
흀jord Ii;SN71780;2023-06-04;7.7;9.2;5.6;3.7
흀jord Ii;SN71780;2023-06-05;7.9;8.8;7;7.8
흀jord Ii;SN71780;2023-06-06;8;8.8;7.5;5.6
흀jord Ii;SN71780;2023-06-07;7.7;9.7;6.6;6.7
흀jord Ii;SN71780;2023-06-08;8.6;12.4;6;6.1
흀jord Ii;SN71780;2023-06-09;13.1;21.7;2.5;0
흀jord Ii;SN71780;2023-06-10;14.4;20.9;7.7;0
흀jord Ii;SN71780;2023-06-11;13.9;23.6;9;0
흀jord Ii;SN71780;2023-06-12;14.7;22.4;8.7;2.2
흀jord Ii;SN71780;2023-06-13;12.7;16.3;11.6;0
흀jord Ii;SN71780;2023-06-14;13.3;19.7;5.6;0
흀jord Ii;SN71780;2023-06-15;13.2;18.6;6.6;0
흀jord Ii;SN71780;2023-06-16;12.7;17.9;7.4;0
흀jord Ii;SN71780;2023-06-17;12.1;16.1;7.3;0
흀jord Ii;SN71780;2023-06-18;16;22.4;9;0
흀jord Ii;SN71780;2023-06-19;21.7;27;11.8;0
흀jord Ii;SN71780;2023-06-20;19.7;25.5;17.5;0
흀jord Ii;SN71780;2023-06-21;21;28.3;13.5;0
흀jord Ii;SN71780;2023-06-22;14.4;22.9;13;11.7
흀jord Ii;SN71780;2023-06-23;11;14;9.6;4.6
흀jord Ii;SN71780;2023-06-24;13.2;18.1;9.5;13.1
흀jord Ii;SN71780;2023-06-25;17.2;24.5;7;0
흀jord Ii;SN71780;2023-06-26;23.9;30.8;12.5;0
흀jord Ii;SN71780;2023-06-27;15.4;28.1;13.6;0
흀jord Ii;SN71780;2023-06-28;18;25.1;12.2;0
흀jord Ii;SN71780;2023-06-29;13.6;18.9;13.1;0.7
흀jord Ii;SN71780;2023-06-30;12.3;13.3;12;6.5
흀jord Ii;SN71780;2023-07-01;13.7;18.2;10.9;6.2
흀jord Ii;SN71780;2023-07-02;16.9;22.6;10.6;1.3
흀jord Ii;SN71780;2023-07-03;13.7;17.4;12.4;2.2
흀jord Ii;SN71780;2023-07-04;11.7;15.1;8.5;3.9
흀jord Ii;SN71780;2023-07-05;13.5;19.1;6.2;2.5
흀jord Ii;SN71780;2023-07-06;16.8;23.4;8.9;0
흀jord Ii;SN71780;2023-07-07;14.6;18.2;11.2;0
흀jord Ii;SN71780;2023-07-08;14.3;18.2;12.3;0
흀jord Ii;SN71780;2023-07-09;17.4;25.1;8.9;0
흀jord Ii;SN71780;2023-07-10;19.1;27.5;11.5;0
흀jord Ii;SN71780;2023-07-11;19;26.8;12.9;1.6
흀jord Ii;SN71780;2023-07-12;19.3;24.4;15.8;0.1
흀jord Ii;SN71780;2023-07-13;16.1;19.3;14.5;0
흀jord Ii;SN71780;2023-07-14;12.8;15.2;11.3;7.8
흀jord Ii;SN71780;2023-07-15;17.1;23.9;8;2.1
흀jord Ii;SN71780;2023-07-16;18.5;22.3;16.2;0.1
흀jord Ii;SN71780;2023-07-17;13.8;20.5;11.7;1.3
흀jord Ii;SN71780;2023-07-18;12.5;14.4;11.8;4.2
흀jord Ii;SN71780;2023-07-19;12.3;16.3;7.1;0.7
흀jord Ii;SN71780;2023-07-20;12.3;18.1;5.8;0
흀jord Ii;SN71780;2023-07-21;12.2;14.1;9.8;0
흀jord Ii;SN71780;2023-07-22;13.2;16.3;11.3;16.3
흀jord Ii;SN71780;2023-07-23;12.5;15.4;8.8;0.1
흀jord Ii;SN71780;2023-07-24;14.5;19.6;10.5;0
흀jord Ii;SN71780;2023-07-25;15.4;23.1;7.5;0
흀jord Ii;SN71780;2023-07-26;16.3;23.5;11.7;0
흀jord Ii;SN71780;2023-07-27;15.6;19.5;12;3.6
흀jord Ii;SN71780;2023-07-28;14.6;17.2;13;0.4
흀jord Ii;SN71780;2023-07-29;14.1;18.7;12.1;0.4
흀jord Ii;SN71780;2023-07-30;16.4;22.7;10.3;0
흀jord Ii;SN71780;2019-03-05;-;-3;-10.7;0
흀jord Ii;SN71780;2019-08-14;-;15.8;9.8;16.1
흀jord Ii;SN71780;2019-11-17;-;4.1;-1.1;0
흀jord Ii;SN71780;2019-11-18;-;3.7;-1.9;0.3
흀jord Ii;SN71780;2021-09-08;-;13.8;10.9;105.5
흀jord Ii;SN71780;2021-09-09;-;15.1;8.6;31.5
흀jord Ii;SN71780;2023-07-31;-;18.6;12;0.2
